,precision,recall,f1-score,support,auc,index,K,logo_dec,des_enc,batches,iters,adam_lr,annealing_batches,num_particles,center_bp,weight_decay,folds
global.mmark_absbot,0.0,0.0,0.0,3.0,1.0,0,20.0,400.0,200.0,5000.0,10.0,1e-05,4000.0,1.0,1.0,0.0,4.0
global.mmark_absleft,1.0,0.5675675675675675,0.7241379310344828,74.0,0.9915651915651915,0,20.0,400.0,200.0,5000.0,10.0,1e-05,4000.0,1.0,1.0,0.0,4.0
global.mmark_absright,0.0,0.0,0.0,12.0,0.9782398452611218,0,20.0,400.0,200.0,5000.0,10.0,1e-05,4000.0,1.0,1.0,0.0,4.0
global.mmark_abstop,0.8,0.12903225806451613,0.2222222222222222,31.0,0.9768104676771603,0,20.0,400.0,200.0,5000.0,10.0,1e-05,4000.0,1.0,1.0,0.0,4.0
global.mmark_avgbot,0.0,0.0,0.0,11.0,0.964022464022464,0,20.0,400.0,200.0,5000.0,10.0,1e-05,4000.0,1.0,1.0,0.0,4.0
global.mmark_avgleft,0.9821428571428571,0.7801418439716312,0.8695652173913042,141.0,0.9861080646340571,0,20.0,400.0,200.0,5000.0,10.0,1e-05,4000.0,1.0,1.0,0.0,4.0
global.mmark_avgright,0.0,0.0,0.0,52.0,0.9280761167553621,0,20.0,400.0,200.0,5000.0,10.0,1e-05,4000.0,1.0,1.0,0.0,4.0
global.mmark_avgtop,1.0,0.32786885245901637,0.49382716049382713,61.0,0.9709611881743029,0,20.0,400.0,200.0,5000.0,10.0,1e-05,4000.0,1.0,1.0,0.0,4.0
font.width_has_condensed,0.8444444444444444,0.21839080459770116,0.34703196347031967,174.0,0.8133559980573093,0,20.0,400.0,200.0,5000.0,10.0,1e-05,4000.0,1.0,1.0,0.0,4.0
font.width_has_wide,0.8333333333333334,0.15503875968992248,0.26143790849673204,129.0,0.8658139534883721,0,20.0,400.0,200.0,5000.0,10.0,1e-05,4000.0,1.0,1.0,0.0,4.0
font.width_has_orig,0.8476953907815631,0.9929577464788732,0.9145945945945946,426.0,0.9009754318793017,0,20.0,400.0,200.0,5000.0,10.0,1e-05,4000.0,1.0,1.0,0.0,4.0
font.weight_has_bold,0.8173302107728337,0.9432432432432433,0.8757841907151819,370.0,0.8747407785143634,0,20.0,400.0,200.0,5000.0,10.0,1e-05,4000.0,1.0,1.0,0.0,4.0
font.weight_has_light,1.0,0.02857142857142857,0.05555555555555556,70.0,0.8705571117335823,0,20.0,400.0,200.0,5000.0,10.0,1e-05,4000.0,1.0,1.0,0.0,4.0
font.weight_has_orig,0.7337662337662337,0.7929824561403509,0.7622259696458683,285.0,0.8115760713258556,0,20.0,400.0,200.0,5000.0,10.0,1e-05,4000.0,1.0,1.0,0.0,4.0
font.style_has_italic,0.9882352941176471,0.8,0.8842105263157894,105.0,0.9916217430368374,0,20.0,400.0,200.0,5000.0,10.0,1e-05,4000.0,1.0,1.0,0.0,4.0
font.style_has_orig,0.9866962305986696,0.9977578475336323,0.992196209587514,446.0,0.9982981252363714,0,20.0,400.0,200.0,5000.0,10.0,1e-05,4000.0,1.0,1.0,0.0,4.0
color.blue_dark,1.0,0.35,0.5185185185185185,60.0,0.9868514570007108,0,20.0,400.0,200.0,5000.0,10.0,1e-05,4000.0,1.0,1.0,0.0,4.0
color.grey_light,0.9716312056737588,0.9256756756756757,0.9480968858131488,148.0,0.9957615095410371,0,20.0,400.0,200.0,5000.0,10.0,1e-05,4000.0,1.0,1.0,0.0,4.0
color.red,1.0,0.7785714285714286,0.8755020080321285,140.0,0.9947300771208226,0,20.0,400.0,200.0,5000.0,10.0,1e-05,4000.0,1.0,1.0,0.0,4.0
color.blue_light,1.0,0.37142857142857144,0.5416666666666666,70.0,0.9890756302521009,0,20.0,400.0,200.0,5000.0,10.0,1e-05,4000.0,1.0,1.0,0.0,4.0
color.black,0.9692307692307692,0.9792746113989638,0.9742268041237113,193.0,0.9972242783123613,0,20.0,400.0,200.0,5000.0,10.0,1e-05,4000.0,1.0,1.0,0.0,4.0
color.blue_medium,0.9818181818181818,0.7297297297297297,0.8372093023255814,148.0,0.9708093920692346,0,20.0,400.0,200.0,5000.0,10.0,1e-05,4000.0,1.0,1.0,0.0,4.0
color.orange,0.0,0.0,0.0,34.0,0.9724301841948901,0,20.0,400.0,200.0,5000.0,10.0,1e-05,4000.0,1.0,1.0,0.0,4.0
color.red_dark,0.0,0.0,0.0,34.0,0.9195484254307784,0,20.0,400.0,200.0,5000.0,10.0,1e-05,4000.0,1.0,1.0,0.0,4.0
color.green_light,1.0,0.14285714285714285,0.25,35.0,0.9860034702139966,0,20.0,400.0,200.0,5000.0,10.0,1e-05,4000.0,1.0,1.0,0.0,4.0
color.grey_dark,0.978021978021978,0.7946428571428571,0.876847290640394,112.0,0.9911570743405276,0,20.0,400.0,200.0,5000.0,10.0,1e-05,4000.0,1.0,1.0,0.0,4.0
color.green_dark,1.0,0.13157894736842105,0.23255813953488372,38.0,0.9848322435416443,0,20.0,400.0,200.0,5000.0,10.0,1e-05,4000.0,1.0,1.0,0.0,4.0
color.brown,1.0,0.3076923076923077,0.47058823529411764,26.0,0.9971708212264871,0,20.0,400.0,200.0,5000.0,10.0,1e-05,4000.0,1.0,1.0,0.0,4.0
color.yellow,1.0,0.4883720930232558,0.65625,43.0,0.9937793090247871,0,20.0,400.0,200.0,5000.0,10.0,1e-05,4000.0,1.0,1.0,0.0,4.0
global.has_mark,0.950920245398773,1.0,0.9748427672955975,465.0,0.9906250000000001,0,20.0,400.0,200.0,5000.0,10.0,1e-05,4000.0,1.0,1.0,0.0,4.0
binfont.grotesque,0.7951807228915663,0.4024390243902439,0.534412955465587,164.0,0.8740895422652857,0,20.0,400.0,200.0,5000.0,10.0,1e-05,4000.0,1.0,1.0,0.0,4.0
binfont.geom,0.8676470588235294,0.36419753086419754,0.5130434782608696,162.0,0.8591179735593906,0,20.0,400.0,200.0,5000.0,10.0,1e-05,4000.0,1.0,1.0,0.0,4.0
binfont.geom.square,0.0,0.0,0.0,54.0,0.8956335282651071,0,20.0,400.0,200.0,5000.0,10.0,1e-05,4000.0,1.0,1.0,0.0,4.0
binfont.humanist,0.0,0.0,0.0,61.0,0.8661202185792349,0,20.0,400.0,200.0,5000.0,10.0,1e-05,4000.0,1.0,1.0,0.0,4.0
binfont.transitional,1.0,0.034482758620689655,0.06666666666666667,29.0,0.9636551724137932,0,20.0,400.0,200.0,5000.0,10.0,1e-05,4000.0,1.0,1.0,0.0,4.0
binfont.oldstyle,0.0,0.0,0.0,14.0,0.9850208044382801,0,20.0,400.0,200.0,5000.0,10.0,1e-05,4000.0,1.0,1.0,0.0,4.0
binfont.clarendon,1.0,0.3125,0.47619047619047616,16.0,0.99317738791423,0,20.0,400.0,200.0,5000.0,10.0,1e-05,4000.0,1.0,1.0,0.0,4.0
binfont.slab,0.0,0.0,0.0,7.0,0.9928845101258894,0,20.0,400.0,200.0,5000.0,10.0,1e-05,4000.0,1.0,1.0,0.0,4.0
binfont.didone,0.0,0.0,0.0,16.0,0.9883040935672515,0,20.0,400.0,200.0,5000.0,10.0,1e-05,4000.0,1.0,1.0,0.0,4.0
ac.black,0.9047619047619048,0.475,0.6229508196721311,80.0,0.9738028953229398,0,20.0,400.0,200.0,5000.0,10.0,1e-05,4000.0,1.0,1.0,0.0,4.0
ac.blue_dark,1.0,0.3333333333333333,0.5,27.0,0.9876789139737346,0,20.0,400.0,200.0,5000.0,10.0,1e-05,4000.0,1.0,1.0,0.0,4.0
ac.blue_light,1.0,0.24242424242424243,0.3902439024390244,33.0,0.9904081133919843,0,20.0,400.0,200.0,5000.0,10.0,1e-05,4000.0,1.0,1.0,0.0,4.0
ac.blue_medium,0.0,0.0,0.0,23.0,0.9424299707853583,0,20.0,400.0,200.0,5000.0,10.0,1e-05,4000.0,1.0,1.0,0.0,4.0
ac.brown,1.0,0.3684210526315789,0.5384615384615384,19.0,0.9984520123839009,0,20.0,400.0,200.0,5000.0,10.0,1e-05,4000.0,1.0,1.0,0.0,4.0
ac.green_dark,1.0,0.047619047619047616,0.0909090909090909,21.0,0.9844394450693663,0,20.0,400.0,200.0,5000.0,10.0,1e-05,4000.0,1.0,1.0,0.0,4.0
ac.green_light,1.0,0.2222222222222222,0.3636363636363636,27.0,0.9923269883429247,0,20.0,400.0,200.0,5000.0,10.0,1e-05,4000.0,1.0,1.0,0.0,4.0
ac.grey_dark,1.0,0.7023809523809523,0.8251748251748251,84.0,0.9875601926163724,0,20.0,400.0,200.0,5000.0,10.0,1e-05,4000.0,1.0,1.0,0.0,4.0
ac.grey_light,0.9420289855072463,0.9219858156028369,0.9318996415770608,141.0,0.9941873217810924,0,20.0,400.0,200.0,5000.0,10.0,1e-05,4000.0,1.0,1.0,0.0,4.0
ac.orange,0.0,0.0,0.0,25.0,0.9727777777777777,0,20.0,400.0,200.0,5000.0,10.0,1e-05,4000.0,1.0,1.0,0.0,4.0
ac.red,0.875,0.1076923076923077,0.1917808219178082,65.0,0.9679045092838197,0,20.0,400.0,200.0,5000.0,10.0,1e-05,4000.0,1.0,1.0,0.0,4.0
ac.red_dark,1.0,0.047619047619047616,0.0909090909090909,21.0,0.9658792650918635,0,20.0,400.0,200.0,5000.0,10.0,1e-05,4000.0,1.0,1.0,0.0,4.0
ac.yellow,1.0,0.32432432432432434,0.489795918367347,37.0,0.9931333772797187,0,20.0,400.0,200.0,5000.0,10.0,1e-05,4000.0,1.0,1.0,0.0,4.0
zero_sat,1.0,0.8780487804878049,0.9350649350649352,41.0,0.9991503398640543,0,20.0,400.0,200.0,5000.0,10.0,1e-05,4000.0,1.0,1.0,0.0,4.0
high_sat,0.9568965517241379,0.8671875,0.9098360655737704,128.0,0.9899470074812968,0,20.0,400.0,200.0,5000.0,10.0,1e-05,4000.0,1.0,1.0,0.0,4.0
high_sat_sd,0.8282828282828283,0.6507936507936508,0.7288888888888889,126.0,0.9479695931308836,0,20.0,400.0,200.0,5000.0,10.0,1e-05,4000.0,1.0,1.0,0.0,4.0
low_sat,0.970873786407767,0.8403361344537815,0.9009009009009008,119.0,0.9938102070096331,0,20.0,400.0,200.0,5000.0,10.0,1e-05,4000.0,1.0,1.0,0.0,4.0
low_sat_sd,0.9108910891089109,0.7301587301587301,0.8105726872246696,126.0,0.9613415258576548,0,20.0,400.0,200.0,5000.0,10.0,1e-05,4000.0,1.0,1.0,0.0,4.0
down_diag-low,0.8705882352941177,0.5648854961832062,0.6851851851851852,131.0,0.9317963865127162,0,20.0,400.0,200.0,5000.0,10.0,1e-05,4000.0,1.0,1.0,0.0,4.0
entropy-low,0.8676470588235294,0.44029850746268656,0.5841584158415841,134.0,0.9322690345739656,0,20.0,400.0,200.0,5000.0,10.0,1e-05,4000.0,1.0,1.0,0.0,4.0
gpc-low,0.8928571428571429,0.7518796992481203,0.8163265306122449,133.0,0.9777663856611225,0,20.0,400.0,200.0,5000.0,10.0,1e-05,4000.0,1.0,1.0,0.0,4.0
h_sym-low,0.9047619047619048,0.14285714285714285,0.24675324675324675,133.0,0.8489974937343359,0,20.0,400.0,200.0,5000.0,10.0,1e-05,4000.0,1.0,1.0,0.0,4.0
hor-low,0.7916666666666666,0.14393939393939395,0.2435897435897436,132.0,0.8592092206701779,0,20.0,400.0,200.0,5000.0,10.0,1e-05,4000.0,1.0,1.0,0.0,4.0
mean_light-low,0.9285714285714286,0.8062015503875969,0.8630705394190872,129.0,0.985484496124031,0,20.0,400.0,200.0,5000.0,10.0,1e-05,4000.0,1.0,1.0,0.0,4.0
ncorners-low,0.9047619047619048,0.5891472868217055,0.7136150234741784,129.0,0.940077519379845,0,20.0,400.0,200.0,5000.0,10.0,1e-05,4000.0,1.0,1.0,0.0,4.0
nregions-low,0.8640776699029126,0.6496350364963503,0.7416666666666666,137.0,0.9486816624460004,0,20.0,400.0,200.0,5000.0,10.0,1e-05,4000.0,1.0,1.0,0.0,4.0
perc_white-low,0.9159663865546218,0.7898550724637681,0.8482490272373541,138.0,0.9846361985247785,0,20.0,400.0,200.0,5000.0,10.0,1e-05,4000.0,1.0,1.0,0.0,4.0
sd_light-low,0.9448818897637795,0.8888888888888888,0.916030534351145,135.0,0.9913705583756345,0,20.0,400.0,200.0,5000.0,10.0,1e-05,4000.0,1.0,1.0,0.0,4.0
up_diag-low,0.9565217391304348,0.7534246575342466,0.842911877394636,146.0,0.9747487392252941,0,20.0,400.0,200.0,5000.0,10.0,1e-05,4000.0,1.0,1.0,0.0,4.0
v_sym-low,0.9047619047619048,0.1532258064516129,0.26206896551724135,124.0,0.8533851055356432,0,20.0,400.0,200.0,5000.0,10.0,1e-05,4000.0,1.0,1.0,0.0,4.0
down_diag-high,0.8363636363636363,0.34328358208955223,0.4867724867724868,134.0,0.9100510107689401,0,20.0,400.0,200.0,5000.0,10.0,1e-05,4000.0,1.0,1.0,0.0,4.0
entropy-high,0.7777777777777778,0.1640625,0.27096774193548384,128.0,0.8908003428927681,0,20.0,400.0,200.0,5000.0,10.0,1e-05,4000.0,1.0,1.0,0.0,4.0
gpc-high,0.9292929292929293,0.696969696969697,0.7965367965367967,132.0,0.9601366307915427,0,20.0,400.0,200.0,5000.0,10.0,1e-05,4000.0,1.0,1.0,0.0,4.0
h_sym-high,0.8787878787878788,0.6258992805755396,0.7310924369747899,139.0,0.94489946504335,0,20.0,400.0,200.0,5000.0,10.0,1e-05,4000.0,1.0,1.0,0.0,4.0
hor-high,0.8533333333333334,0.48120300751879697,0.6153846153846153,133.0,0.9292359687096529,0,20.0,400.0,200.0,5000.0,10.0,1e-05,4000.0,1.0,1.0,0.0,4.0
mean_light-high,0.9504950495049505,0.7111111111111111,0.8135593220338982,135.0,0.9796578304192518,0,20.0,400.0,200.0,5000.0,10.0,1e-05,4000.0,1.0,1.0,0.0,4.0
ncorners-high,0.8666666666666667,0.5038759689922481,0.6372549019607843,129.0,0.9199612403100775,0,20.0,400.0,200.0,5000.0,10.0,1e-05,4000.0,1.0,1.0,0.0,4.0
nregions-high,0.92,0.42592592592592593,0.5822784810126582,108.0,0.9430588545790446,0,20.0,400.0,200.0,5000.0,10.0,1e-05,4000.0,1.0,1.0,0.0,4.0
perc_white-high,0.8761061946902655,0.7388059701492538,0.8016194331983807,134.0,0.9750236160967316,0,20.0,400.0,200.0,5000.0,10.0,1e-05,4000.0,1.0,1.0,0.0,4.0
sd_light-high,0.9609375,0.9534883720930233,0.9571984435797667,129.0,0.998217054263566,0,20.0,400.0,200.0,5000.0,10.0,1e-05,4000.0,1.0,1.0,0.0,4.0
up_diag-high,0.881578947368421,0.5403225806451613,0.6699999999999999,124.0,0.9483870967741935,0,20.0,400.0,200.0,5000.0,10.0,1e-05,4000.0,1.0,1.0,0.0,4.0
v_sym-high,0.8913043478260869,0.31297709923664124,0.4632768361581921,131.0,0.8717442172695539,0,20.0,400.0,200.0,5000.0,10.0,1e-05,4000.0,1.0,1.0,0.0,4.0
no_chars,1.0,0.875,0.9333333333333333,8.0,1.0,0,20.0,400.0,200.0,5000.0,10.0,1e-05,4000.0,1.0,1.0,0.0,4.0
many_chars,0.875,0.5,0.6363636363636364,112.0,0.9398124357656732,0,20.0,400.0,200.0,5000.0,10.0,1e-05,4000.0,1.0,1.0,0.0,4.0
many_marks,0.0,0.0,0.0,27.0,0.9093256603216764,0,20.0,400.0,200.0,5000.0,10.0,1e-05,4000.0,1.0,1.0,0.0,4.0
micro avg,0.9079674796747967,0.6269930384010779,0.7417640807651436,8906.0,0.9536030754282552,0,20.0,400.0,200.0,5000.0,10.0,1e-05,4000.0,1.0,1.0,0.0,4.0
macro avg,0.7735897320960861,0.4423060269388917,0.5194011828137657,8906.0,0.9536030754282552,0,20.0,400.0,200.0,5000.0,10.0,1e-05,4000.0,1.0,1.0,0.0,4.0
weighted avg,0.8692705290084735,0.6269930384010779,0.6892251153504337,8906.0,0.9536030754282552,0,20.0,400.0,200.0,5000.0,10.0,1e-05,4000.0,1.0,1.0,0.0,4.0
samples avg,0.9063520109750511,0.6302983855872342,0.7352657986829735,8906.0,0.9536030754282552,0,20.0,400.0,200.0,5000.0,10.0,1e-05,4000.0,1.0,1.0,0.0,4.0
global.mmark_absbot,0.0,0.0,0.0,7.0,0.9723590585659552,1,20.0,400.0,200.0,5000.0,10.0,1e-05,4000.0,1.0,1.0,0.0,4.0
global.mmark_absleft,1.0,0.4492753623188406,0.62,69.0,0.984845620667927,1,20.0,400.0,200.0,5000.0,10.0,1e-05,4000.0,1.0,1.0,0.0,4.0
global.mmark_absright,0.0,0.0,0.0,12.0,0.9804964539007092,1,20.0,400.0,200.0,5000.0,10.0,1e-05,4000.0,1.0,1.0,0.0,4.0
global.mmark_abstop,1.0,0.20689655172413793,0.34285714285714286,29.0,0.9946206896551724,1,20.0,400.0,200.0,5000.0,10.0,1e-05,4000.0,1.0,1.0,0.0,4.0
global.mmark_avgbot,0.0,0.0,0.0,14.0,0.9384188626907073,1,20.0,400.0,200.0,5000.0,10.0,1e-05,4000.0,1.0,1.0,0.0,4.0
global.mmark_avgleft,0.9741379310344828,0.773972602739726,0.8625954198473281,146.0,0.9791301548696305,1,20.0,400.0,200.0,5000.0,10.0,1e-05,4000.0,1.0,1.0,0.0,4.0
global.mmark_avgright,0.0,0.0,0.0,54.0,0.8920077972709551,1,20.0,400.0,200.0,5000.0,10.0,1e-05,4000.0,1.0,1.0,0.0,4.0
global.mmark_avgtop,1.0,0.32075471698113206,0.4857142857142857,53.0,0.991358807674013,1,20.0,400.0,200.0,5000.0,10.0,1e-05,4000.0,1.0,1.0,0.0,4.0
font.width_has_condensed,0.8936170212765957,0.24277456647398843,0.3818181818181818,173.0,0.8207443008378255,1,20.0,400.0,200.0,5000.0,10.0,1e-05,4000.0,1.0,1.0,0.0,4.0
font.width_has_wide,0.9545454545454546,0.32061068702290074,0.4800000000000001,131.0,0.9116383443937244,1,20.0,400.0,200.0,5000.0,10.0,1e-05,4000.0,1.0,1.0,0.0,4.0
font.width_has_orig,0.8119001919385797,1.0,0.896186440677966,423.0,0.8491681163298987,1,20.0,400.0,200.0,5000.0,10.0,1e-05,4000.0,1.0,1.0,0.0,4.0
font.weight_has_bold,0.8171557562076749,0.9526315789473684,0.8797083839611178,380.0,0.8865771812080536,1,20.0,400.0,200.0,5000.0,10.0,1e-05,4000.0,1.0,1.0,0.0,4.0
font.weight_has_light,1.0,0.015873015873015872,0.03125,63.0,0.8425642073710743,1,20.0,400.0,200.0,5000.0,10.0,1e-05,4000.0,1.0,1.0,0.0,4.0
font.weight_has_orig,0.770764119601329,0.8111888111888111,0.7904599659284498,286.0,0.8463840686062908,1,20.0,400.0,200.0,5000.0,10.0,1e-05,4000.0,1.0,1.0,0.0,4.0
font.style_has_italic,0.9620253164556962,0.628099173553719,0.7600000000000001,121.0,0.9712364284556798,1,20.0,400.0,200.0,5000.0,10.0,1e-05,4000.0,1.0,1.0,0.0,4.0
font.style_has_orig,0.9506437768240343,0.9977477477477478,0.9736263736263737,444.0,0.9953630100688924,1,20.0,400.0,200.0,5000.0,10.0,1e-05,4000.0,1.0,1.0,0.0,4.0
color.blue_dark,1.0,0.3103448275862069,0.4736842105263158,58.0,0.9872977523976866,1,20.0,400.0,200.0,5000.0,10.0,1e-05,4000.0,1.0,1.0,0.0,4.0
color.grey_light,0.9935897435897436,0.950920245398773,0.9717868338557993,163.0,0.9972677595628415,1,20.0,400.0,200.0,5000.0,10.0,1e-05,4000.0,1.0,1.0,0.0,4.0
color.red,0.9719626168224299,0.7761194029850746,0.8630705394190871,134.0,0.9828074815794445,1,20.0,400.0,200.0,5000.0,10.0,1e-05,4000.0,1.0,1.0,0.0,4.0
color.blue_light,0.975609756097561,0.5128205128205128,0.6722689075630252,78.0,0.9892830746489283,1,20.0,400.0,200.0,5000.0,10.0,1e-05,4000.0,1.0,1.0,0.0,4.0
color.black,0.9571428571428572,0.9804878048780488,0.9686746987951806,205.0,0.9972146943691659,1,20.0,400.0,200.0,5000.0,10.0,1e-05,4000.0,1.0,1.0,0.0,4.0
color.blue_medium,0.9583333333333334,0.8098591549295775,0.8778625954198473,142.0,0.9847872766313644,1,20.0,400.0,200.0,5000.0,10.0,1e-05,4000.0,1.0,1.0,0.0,4.0
color.orange,0.0,0.0,0.0,34.0,0.9546642899584077,1,20.0,400.0,200.0,5000.0,10.0,1e-05,4000.0,1.0,1.0,0.0,4.0
color.red_dark,0.0,0.0,0.0,31.0,0.9350304443580775,1,20.0,400.0,200.0,5000.0,10.0,1e-05,4000.0,1.0,1.0,0.0,4.0
color.green_light,1.0,0.28205128205128205,0.44000000000000006,39.0,0.9860282574568289,1,20.0,400.0,200.0,5000.0,10.0,1e-05,4000.0,1.0,1.0,0.0,4.0
color.grey_dark,0.956989247311828,0.7946428571428571,0.8682926829268293,112.0,0.9889731072285028,1,20.0,400.0,200.0,5000.0,10.0,1e-05,4000.0,1.0,1.0,0.0,4.0
color.green_dark,1.0,0.25806451612903225,0.41025641025641024,31.0,0.9985101697111025,1,20.0,400.0,200.0,5000.0,10.0,1e-05,4000.0,1.0,1.0,0.0,4.0
color.brown,1.0,0.10344827586206896,0.1875,29.0,0.9948965517241379,1,20.0,400.0,200.0,5000.0,10.0,1e-05,4000.0,1.0,1.0,0.0,4.0
color.yellow,1.0,0.4358974358974359,0.6071428571428571,39.0,0.9860282574568289,1,20.0,400.0,200.0,5000.0,10.0,1e-05,4000.0,1.0,1.0,0.0,4.0
global.has_mark,0.9532520325203252,1.0,0.976066597294485,469.0,0.9997512437810946,1,20.0,400.0,200.0,5000.0,10.0,1e-05,4000.0,1.0,1.0,0.0,4.0
binfont.grotesque,0.8714285714285714,0.3588235294117647,0.5083333333333333,170.0,0.8911191217434049,1,20.0,400.0,200.0,5000.0,10.0,1e-05,4000.0,1.0,1.0,0.0,4.0
binfont.geom,0.9466666666666667,0.4251497005988024,0.5867768595041323,167.0,0.9229496807489993,1,20.0,400.0,200.0,5000.0,10.0,1e-05,4000.0,1.0,1.0,0.0,4.0
binfont.geom.square,0.0,0.0,0.0,46.0,0.910117922405257,1,20.0,400.0,200.0,5000.0,10.0,1e-05,4000.0,1.0,1.0,0.0,4.0
binfont.humanist,0.0,0.0,0.0,52.0,0.8318819545234639,1,20.0,400.0,200.0,5000.0,10.0,1e-05,4000.0,1.0,1.0,0.0,4.0
binfont.transitional,1.0,0.14285714285714285,0.25,28.0,0.9818933561448532,1,20.0,400.0,200.0,5000.0,10.0,1e-05,4000.0,1.0,1.0,0.0,4.0
binfont.oldstyle,0.0,0.0,0.0,15.0,0.9876783398184176,1,20.0,400.0,200.0,5000.0,10.0,1e-05,4000.0,1.0,1.0,0.0,4.0
binfont.clarendon,0.0,0.0,0.0,15.0,0.988845654993515,1,20.0,400.0,200.0,5000.0,10.0,1e-05,4000.0,1.0,1.0,0.0,4.0
binfont.slab,0.0,0.0,0.0,7.0,0.9729064039408867,1,20.0,400.0,200.0,5000.0,10.0,1e-05,4000.0,1.0,1.0,0.0,4.0
binfont.didone,0.0,0.0,0.0,24.0,0.9780528052805281,1,20.0,400.0,200.0,5000.0,10.0,1e-05,4000.0,1.0,1.0,0.0,4.0
ac.black,0.8823529411764706,0.5232558139534884,0.656934306569343,86.0,0.9739881358601501,1,20.0,400.0,200.0,5000.0,10.0,1e-05,4000.0,1.0,1.0,0.0,4.0
ac.blue_dark,1.0,0.09523809523809523,0.17391304347826084,21.0,0.9844394450693663,1,20.0,400.0,200.0,5000.0,10.0,1e-05,4000.0,1.0,1.0,0.0,4.0
ac.blue_light,1.0,0.11428571428571428,0.20512820512820512,35.0,0.9813186813186813,1,20.0,400.0,200.0,5000.0,10.0,1e-05,4000.0,1.0,1.0,0.0,4.0
ac.blue_medium,0.0,0.0,0.0,25.0,0.9573015873015873,1,20.0,400.0,200.0,5000.0,10.0,1e-05,4000.0,1.0,1.0,0.0,4.0
ac.brown,1.0,0.09090909090909091,0.16666666666666669,22.0,0.9970414201183432,1,20.0,400.0,200.0,5000.0,10.0,1e-05,4000.0,1.0,1.0,0.0,4.0
ac.green_dark,0.0,0.0,0.0,12.0,0.9975822050290135,1,20.0,400.0,200.0,5000.0,10.0,1e-05,4000.0,1.0,1.0,0.0,4.0
ac.green_light,1.0,0.3,0.4615384615384615,30.0,0.9977955911823647,1,20.0,400.0,200.0,5000.0,10.0,1e-05,4000.0,1.0,1.0,0.0,4.0
ac.grey_dark,0.9838709677419355,0.7011494252873564,0.8187919463087249,87.0,0.9826025901076612,1,20.0,400.0,200.0,5000.0,10.0,1e-05,4000.0,1.0,1.0,0.0,4.0
ac.grey_light,0.9551282051282052,0.9551282051282052,0.9551282051282052,156.0,0.9953942393620678,1,20.0,400.0,200.0,5000.0,10.0,1e-05,4000.0,1.0,1.0,0.0,4.0
ac.orange,0.0,0.0,0.0,26.0,0.9561094968649642,1,20.0,400.0,200.0,5000.0,10.0,1e-05,4000.0,1.0,1.0,0.0,4.0
ac.red,1.0,0.05084745762711865,0.0967741935483871,59.0,0.9341868012982331,1,20.0,400.0,200.0,5000.0,10.0,1e-05,4000.0,1.0,1.0,0.0,4.0
ac.red_dark,1.0,0.05263157894736842,0.1,19.0,0.9779153766769866,1,20.0,400.0,200.0,5000.0,10.0,1e-05,4000.0,1.0,1.0,0.0,4.0
ac.yellow,1.0,0.34285714285714286,0.5106382978723404,35.0,0.9888374783111625,1,20.0,400.0,200.0,5000.0,10.0,1e-05,4000.0,1.0,1.0,0.0,4.0
zero_sat,1.0,0.9130434782608695,0.9545454545454545,46.0,0.9999099828967504,1,20.0,400.0,200.0,5000.0,10.0,1e-05,4000.0,1.0,1.0,0.0,4.0
high_sat,0.9655172413793104,0.8888888888888888,0.9256198347107438,126.0,0.9944464138012525,1,20.0,400.0,200.0,5000.0,10.0,1e-05,4000.0,1.0,1.0,0.0,4.0
high_sat_sd,0.8125,0.7054263565891473,0.7551867219917013,129.0,0.9554457364341085,1,20.0,400.0,200.0,5000.0,10.0,1e-05,4000.0,1.0,1.0,0.0,4.0
low_sat,0.970873786407767,0.8333333333333334,0.8968609865470851,120.0,0.9940097799511003,1,20.0,400.0,200.0,5000.0,10.0,1e-05,4000.0,1.0,1.0,0.0,4.0
low_sat_sd,0.9278350515463918,0.7563025210084033,0.8333333333333334,119.0,0.9660381225660997,1,20.0,400.0,200.0,5000.0,10.0,1e-05,4000.0,1.0,1.0,0.0,4.0
down_diag-low,0.8571428571428571,0.4878048780487805,0.621761658031088,123.0,0.9333773879610718,1,20.0,400.0,200.0,5000.0,10.0,1e-05,4000.0,1.0,1.0,0.0,4.0
entropy-low,0.8857142857142857,0.22142857142857142,0.35428571428571426,140.0,0.8827947117150202,1,20.0,400.0,200.0,5000.0,10.0,1e-05,4000.0,1.0,1.0,0.0,4.0
gpc-low,0.9117647058823529,0.7099236641221374,0.798283261802575,131.0,0.9774828340174153,1,20.0,400.0,200.0,5000.0,10.0,1e-05,4000.0,1.0,1.0,0.0,4.0
h_sym-low,1.0,0.030303030303030304,0.05882352941176471,132.0,0.7847683382947868,1,20.0,400.0,200.0,5000.0,10.0,1e-05,4000.0,1.0,1.0,0.0,4.0
hor-low,0.8604651162790697,0.27007299270072993,0.41111111111111115,137.0,0.8781841203634739,1,20.0,400.0,200.0,5000.0,10.0,1e-05,4000.0,1.0,1.0,0.0,4.0
mean_light-low,0.9130434782608695,0.7720588235294118,0.8366533864541833,136.0,0.9767250411615027,1,20.0,400.0,200.0,5000.0,10.0,1e-05,4000.0,1.0,1.0,0.0,4.0
ncorners-low,0.9090909090909091,0.5426356589147286,0.6796116504854368,129.0,0.9477519379844961,1,20.0,400.0,200.0,5000.0,10.0,1e-05,4000.0,1.0,1.0,0.0,4.0
nregions-low,0.8589743589743589,0.5583333333333333,0.6767676767676768,120.0,0.9567237163814182,1,20.0,400.0,200.0,5000.0,10.0,1e-05,4000.0,1.0,1.0,0.0,4.0
perc_white-low,0.8771929824561403,0.7407407407407407,0.8032128514056226,135.0,0.9743372814438804,1,20.0,400.0,200.0,5000.0,10.0,1e-05,4000.0,1.0,1.0,0.0,4.0
sd_light-low,0.9557522123893806,0.8307692307692308,0.888888888888889,130.0,0.9894929631771737,1,20.0,400.0,200.0,5000.0,10.0,1e-05,4000.0,1.0,1.0,0.0,4.0
up_diag-low,0.9666666666666667,0.48333333333333334,0.6444444444444445,120.0,0.9440301548492258,1,20.0,400.0,200.0,5000.0,10.0,1e-05,4000.0,1.0,1.0,0.0,4.0
v_sym-low,0.8214285714285714,0.17293233082706766,0.28571428571428575,133.0,0.8494911521227312,1,20.0,400.0,200.0,5000.0,10.0,1e-05,4000.0,1.0,1.0,0.0,4.0
down_diag-high,0.8769230769230769,0.40425531914893614,0.5533980582524272,141.0,0.9016231629743365,1,20.0,400.0,200.0,5000.0,10.0,1e-05,4000.0,1.0,1.0,0.0,4.0
entropy-high,0.8269230769230769,0.3161764705882353,0.45744680851063824,136.0,0.9012498129022601,1,20.0,400.0,200.0,5000.0,10.0,1e-05,4000.0,1.0,1.0,0.0,4.0
gpc-high,0.9010989010989011,0.6356589147286822,0.7454545454545455,129.0,0.9544767441860464,1,20.0,400.0,200.0,5000.0,10.0,1e-05,4000.0,1.0,1.0,0.0,4.0
h_sym-high,0.9367088607594937,0.5522388059701493,0.6948356807511737,134.0,0.9237861326279992,1,20.0,400.0,200.0,5000.0,10.0,1e-05,4000.0,1.0,1.0,0.0,4.0
hor-high,0.967741935483871,0.45112781954887216,0.6153846153846154,133.0,0.9182995367205893,1,20.0,400.0,200.0,5000.0,10.0,1e-05,4000.0,1.0,1.0,0.0,4.0
mean_light-high,0.9587628865979382,0.7153846153846154,0.8193832599118942,130.0,0.9765374975901292,1,20.0,400.0,200.0,5000.0,10.0,1e-05,4000.0,1.0,1.0,0.0,4.0
ncorners-high,0.9019607843137255,0.6814814814814815,0.7763713080168776,135.0,0.9622673434856176,1,20.0,400.0,200.0,5000.0,10.0,1e-05,4000.0,1.0,1.0,0.0,4.0
nregions-high,0.9047619047619048,0.59375,0.7169811320754718,128.0,0.9477673004987531,1,20.0,400.0,200.0,5000.0,10.0,1e-05,4000.0,1.0,1.0,0.0,4.0
perc_white-high,0.945054945054945,0.688,0.7962962962962962,125.0,0.9761188118811881,1,20.0,400.0,200.0,5000.0,10.0,1e-05,4000.0,1.0,1.0,0.0,4.0
sd_light-high,0.9318181818181818,0.917910447761194,0.924812030075188,134.0,0.9941054222558096,1,20.0,400.0,200.0,5000.0,10.0,1e-05,4000.0,1.0,1.0,0.0,4.0
up_diag-high,0.9019607843137255,0.368,0.5227272727272727,125.0,0.9243168316831684,1,20.0,400.0,200.0,5000.0,10.0,1e-05,4000.0,1.0,1.0,0.0,4.0
v_sym-high,0.8787878787878788,0.2196969696969697,0.3515151515151515,132.0,0.8642088390199222,1,20.0,400.0,200.0,5000.0,10.0,1e-05,4000.0,1.0,1.0,0.0,4.0
no_chars,1.0,0.875,0.9333333333333333,8.0,1.0,1,20.0,400.0,200.0,5000.0,10.0,1e-05,4000.0,1.0,1.0,0.0,4.0
many_chars,0.9069767441860465,0.639344262295082,0.75,122.0,0.9587948604342047,1,20.0,400.0,200.0,5000.0,10.0,1e-05,4000.0,1.0,1.0,0.0,4.0
many_marks,0.0,0.0,0.0,21.0,0.9028871391076115,1,20.0,400.0,200.0,5000.0,10.0,1e-05,4000.0,1.0,1.0,0.0,4.0
micro avg,0.9086319218241042,0.6237003912800447,0.739675174013921,8945.0,0.9516769150240473,1,20.0,400.0,200.0,5000.0,10.0,1e-05,4000.0,1.0,1.0,0.0,4.0
macro avg,0.7604114129938746,0.42932107500106553,0.5046963134397945,8945.0,0.9516769150240473,1,20.0,400.0,200.0,5000.0,10.0,1e-05,4000.0,1.0,1.0,0.0,4.0
weighted avg,0.87591709508382,0.6237003912800447,0.6866735738889824,8945.0,0.9516769150240473,1,20.0,400.0,200.0,5000.0,10.0,1e-05,4000.0,1.0,1.0,0.0,4.0
samples avg,0.9094102146251626,0.628043285092992,0.735219436600565,8945.0,0.9516769150240473,1,20.0,400.0,200.0,5000.0,10.0,1e-05,4000.0,1.0,1.0,0.0,4.0
global.mmark_absbot,0.0,0.0,0.0,9.0,0.9936020473448496,2,20.0,400.0,200.0,5000.0,10.0,1e-05,4000.0,1.0,1.0,0.0,4.0
global.mmark_absleft,1.0,0.5466666666666666,0.7068965517241379,75.0,0.9827399267399268,2,20.0,400.0,200.0,5000.0,10.0,1e-05,4000.0,1.0,1.0,0.0,4.0
global.mmark_absright,0.0,0.0,0.0,17.0,0.9618163054695563,2,20.0,400.0,200.0,5000.0,10.0,1e-05,4000.0,1.0,1.0,0.0,4.0
global.mmark_abstop,0.8181818181818182,0.2647058823529412,0.39999999999999997,34.0,0.9796608159392789,2,20.0,400.0,200.0,5000.0,10.0,1e-05,4000.0,1.0,1.0,0.0,4.0
global.mmark_avgbot,0.0,0.0,0.0,14.0,0.9896179401993356,2,20.0,400.0,200.0,5000.0,10.0,1e-05,4000.0,1.0,1.0,0.0,4.0
global.mmark_avgleft,0.9626168224299065,0.7253521126760564,0.8273092369477912,142.0,0.9737367503993031,2,20.0,400.0,200.0,5000.0,10.0,1e-05,4000.0,1.0,1.0,0.0,4.0
global.mmark_avgright,1.0,0.016666666666666666,0.03278688524590164,60.0,0.9317730496453902,2,20.0,400.0,200.0,5000.0,10.0,1e-05,4000.0,1.0,1.0,0.0,4.0
global.mmark_avgtop,1.0,0.3870967741935484,0.5581395348837209,62.0,0.9643989523021782,2,20.0,400.0,200.0,5000.0,10.0,1e-05,4000.0,1.0,1.0,0.0,4.0
font.width_has_condensed,0.8461538461538461,0.12716763005780346,0.22110552763819094,173.0,0.7617266559803112,2,20.0,400.0,200.0,5000.0,10.0,1e-05,4000.0,1.0,1.0,0.0,4.0
font.width_has_wide,0.9473684210526315,0.14634146341463414,0.2535211267605633,123.0,0.8373783983540081,2,20.0,400.0,200.0,5000.0,10.0,1e-05,4000.0,1.0,1.0,0.0,4.0
font.width_has_orig,0.8431771894093686,0.9880668257756563,0.9098901098901098,419.0,0.8951170741146875,2,20.0,400.0,200.0,5000.0,10.0,1e-05,4000.0,1.0,1.0,0.0,4.0
font.weight_has_bold,0.8223844282238443,0.9415041782729805,0.8779220779220778,359.0,0.9006988222645751,2,20.0,400.0,200.0,5000.0,10.0,1e-05,4000.0,1.0,1.0,0.0,4.0
font.weight_has_light,1.0,0.016129032258064516,0.031746031746031744,62.0,0.8571477805348773,2,20.0,400.0,200.0,5000.0,10.0,1e-05,4000.0,1.0,1.0,0.0,4.0
font.weight_has_orig,0.774390243902439,0.8581081081081081,0.8141025641025641,296.0,0.8545564795564795,2,20.0,400.0,200.0,5000.0,10.0,1e-05,4000.0,1.0,1.0,0.0,4.0
font.style_has_italic,0.95,0.6608695652173913,0.7794871794871794,115.0,0.9834887375589314,2,20.0,400.0,200.0,5000.0,10.0,1e-05,4000.0,1.0,1.0,0.0,4.0
font.style_has_orig,0.9671052631578947,1.0,0.9832775919732442,441.0,0.9984203419195394,2,20.0,400.0,200.0,5000.0,10.0,1e-05,4000.0,1.0,1.0,0.0,4.0
color.blue_dark,1.0,0.24074074074074073,0.3880597014925373,54.0,0.9901182695300342,2,20.0,400.0,200.0,5000.0,10.0,1e-05,4000.0,1.0,1.0,0.0,4.0
color.grey_light,0.94,0.9215686274509803,0.9306930693069307,153.0,0.9929612870789342,2,20.0,400.0,200.0,5000.0,10.0,1e-05,4000.0,1.0,1.0,0.0,4.0
color.red,0.9661016949152542,0.7916666666666666,0.8702290076335878,144.0,0.9852295624640185,2,20.0,400.0,200.0,5000.0,10.0,1e-05,4000.0,1.0,1.0,0.0,4.0
color.blue_light,1.0,0.4935064935064935,0.6608695652173914,77.0,0.9929761188039334,2,20.0,400.0,200.0,5000.0,10.0,1e-05,4000.0,1.0,1.0,0.0,4.0
color.black,0.9845360824742269,0.9744897959183674,0.9794871794871796,196.0,0.9989918122937798,2,20.0,400.0,200.0,5000.0,10.0,1e-05,4000.0,1.0,1.0,0.0,4.0
color.blue_medium,0.9833333333333333,0.7919463087248322,0.8773234200743494,149.0,0.984322429494971,2,20.0,400.0,200.0,5000.0,10.0,1e-05,4000.0,1.0,1.0,0.0,4.0
color.orange,1.0,0.05128205128205128,0.09756097560975609,39.0,0.9704423207478197,2,20.0,400.0,200.0,5000.0,10.0,1e-05,4000.0,1.0,1.0,0.0,4.0
color.red_dark,0.0,0.0,0.0,32.0,0.9232555220883534,2,20.0,400.0,200.0,5000.0,10.0,1e-05,4000.0,1.0,1.0,0.0,4.0
color.green_light,1.0,0.38461538461538464,0.5555555555555556,39.0,0.9927411353073267,2,20.0,400.0,200.0,5000.0,10.0,1e-05,4000.0,1.0,1.0,0.0,4.0
color.grey_dark,0.9887640449438202,0.8,0.8844221105527638,110.0,0.9954545454545455,2,20.0,400.0,200.0,5000.0,10.0,1e-05,4000.0,1.0,1.0,0.0,4.0
color.green_dark,1.0,0.02564102564102564,0.05,39.0,0.9751423050812054,2,20.0,400.0,200.0,5000.0,10.0,1e-05,4000.0,1.0,1.0,0.0,4.0
color.brown,1.0,0.043478260869565216,0.08333333333333333,23.0,0.9946831318068776,2,20.0,400.0,200.0,5000.0,10.0,1e-05,4000.0,1.0,1.0,0.0,4.0
color.yellow,0.9411764705882353,0.37209302325581395,0.5333333333333333,43.0,0.9687216465307291,2,20.0,400.0,200.0,5000.0,10.0,1e-05,4000.0,1.0,1.0,0.0,4.0
global.has_mark,0.9342629482071713,1.0,0.9660144181256436,469.0,0.9845153622985774,2,20.0,400.0,200.0,5000.0,10.0,1e-05,4000.0,1.0,1.0,0.0,4.0
binfont.grotesque,0.8275862068965517,0.42105263157894735,0.5581395348837209,171.0,0.8527912166674811,2,20.0,400.0,200.0,5000.0,10.0,1e-05,4000.0,1.0,1.0,0.0,4.0
binfont.geom,0.88,0.5365853658536586,0.6666666666666667,164.0,0.906853925096628,2,20.0,400.0,200.0,5000.0,10.0,1e-05,4000.0,1.0,1.0,0.0,4.0
binfont.geom.square,1.0,0.0196078431372549,0.038461538461538464,51.0,0.8674935527446888,2,20.0,400.0,200.0,5000.0,10.0,1e-05,4000.0,1.0,1.0,0.0,4.0
binfont.humanist,0.0,0.0,0.0,54.0,0.872743541861189,2,20.0,400.0,200.0,5000.0,10.0,1e-05,4000.0,1.0,1.0,0.0,4.0
binfont.transitional,0.0,0.0,0.0,22.0,0.9721725125268432,2,20.0,400.0,200.0,5000.0,10.0,1e-05,4000.0,1.0,1.0,0.0,4.0
binfont.oldstyle,0.0,0.0,0.0,17.0,0.9770668501318656,2,20.0,400.0,200.0,5000.0,10.0,1e-05,4000.0,1.0,1.0,0.0,4.0
binfont.clarendon,0.0,0.0,0.0,12.0,0.9765122265122266,2,20.0,400.0,200.0,5000.0,10.0,1e-05,4000.0,1.0,1.0,0.0,4.0
binfont.slab,0.0,0.0,0.0,12.0,0.9652509652509652,2,20.0,400.0,200.0,5000.0,10.0,1e-05,4000.0,1.0,1.0,0.0,4.0
binfont.didone,0.0,0.0,0.0,22.0,0.9733357193987114,2,20.0,400.0,200.0,5000.0,10.0,1e-05,4000.0,1.0,1.0,0.0,4.0
ac.black,0.9038461538461539,0.573170731707317,0.7014925373134329,82.0,0.9765352787456445,2,20.0,400.0,200.0,5000.0,10.0,1e-05,4000.0,1.0,1.0,0.0,4.0
ac.blue_dark,1.0,0.045454545454545456,0.08695652173913045,22.0,0.9845204008589836,2,20.0,400.0,200.0,5000.0,10.0,1e-05,4000.0,1.0,1.0,0.0,4.0
ac.blue_light,0.6666666666666666,0.0625,0.11428571428571428,32.0,0.9903990963855422,2,20.0,400.0,200.0,5000.0,10.0,1e-05,4000.0,1.0,1.0,0.0,4.0
ac.blue_medium,0.0,0.0,0.0,24.0,0.9534749670619236,2,20.0,400.0,200.0,5000.0,10.0,1e-05,4000.0,1.0,1.0,0.0,4.0
ac.brown,1.0,0.047619047619047616,0.0909090909090909,21.0,0.99709982224717,2,20.0,400.0,200.0,5000.0,10.0,1e-05,4000.0,1.0,1.0,0.0,4.0
ac.green_dark,0.0,0.0,0.0,20.0,0.9697058823529412,2,20.0,400.0,200.0,5000.0,10.0,1e-05,4000.0,1.0,1.0,0.0,4.0
ac.green_light,1.0,0.43333333333333335,0.6046511627906976,30.0,0.9996,2,20.0,400.0,200.0,5000.0,10.0,1e-05,4000.0,1.0,1.0,0.0,4.0
ac.grey_dark,1.0,0.7272727272727273,0.8421052631578948,88.0,0.9898704236939532,2,20.0,400.0,200.0,5000.0,10.0,1e-05,4000.0,1.0,1.0,0.0,4.0
ac.grey_light,0.9261744966442953,0.92,0.9230769230769231,150.0,0.9910701754385965,2,20.0,400.0,200.0,5000.0,10.0,1e-05,4000.0,1.0,1.0,0.0,4.0
ac.orange,1.0,0.037037037037037035,0.07142857142857142,27.0,0.9731242176570208,2,20.0,400.0,200.0,5000.0,10.0,1e-05,4000.0,1.0,1.0,0.0,4.0
ac.red,1.0,0.13636363636363635,0.24000000000000002,66.0,0.9575496342737722,2,20.0,400.0,200.0,5000.0,10.0,1e-05,4000.0,1.0,1.0,0.0,4.0
ac.red_dark,0.0,0.0,0.0,21.0,0.9459257180278792,2,20.0,400.0,200.0,5000.0,10.0,1e-05,4000.0,1.0,1.0,0.0,4.0
ac.yellow,0.8333333333333334,0.14705882352941177,0.25,34.0,0.975154174573055,2,20.0,400.0,200.0,5000.0,10.0,1e-05,4000.0,1.0,1.0,0.0,4.0
zero_sat,1.0,0.918918918918919,0.9577464788732395,37.0,1.0,2,20.0,400.0,200.0,5000.0,10.0,1e-05,4000.0,1.0,1.0,0.0,4.0
high_sat,0.970873786407767,0.8547008547008547,0.909090909090909,117.0,0.9898594813849051,2,20.0,400.0,200.0,5000.0,10.0,1e-05,4000.0,1.0,1.0,0.0,4.0
high_sat_sd,0.7857142857142857,0.55,0.6470588235294117,120.0,0.9270121951219512,2,20.0,400.0,200.0,5000.0,10.0,1e-05,4000.0,1.0,1.0,0.0,4.0
low_sat,0.9716981132075472,0.865546218487395,0.9155555555555555,119.0,0.9946635588541985,2,20.0,400.0,200.0,5000.0,10.0,1e-05,4000.0,1.0,1.0,0.0,4.0
low_sat_sd,0.9270833333333334,0.7876106194690266,0.8516746411483254,113.0,0.9769317289531207,2,20.0,400.0,200.0,5000.0,10.0,1e-05,4000.0,1.0,1.0,0.0,4.0
down_diag-low,0.8526315789473684,0.627906976744186,0.7232142857142857,129.0,0.956001469195229,2,20.0,400.0,200.0,5000.0,10.0,1e-05,4000.0,1.0,1.0,0.0,4.0
entropy-low,0.8947368421052632,0.3893129770992366,0.5425531914893618,131.0,0.9230519045705867,2,20.0,400.0,200.0,5000.0,10.0,1e-05,4000.0,1.0,1.0,0.0,4.0
gpc-low,0.9203539823008849,0.7819548872180451,0.8455284552845528,133.0,0.9875002367379405,2,20.0,400.0,200.0,5000.0,10.0,1e-05,4000.0,1.0,1.0,0.0,4.0
h_sym-low,0.8846153846153846,0.16312056737588654,0.27544910179640725,141.0,0.834144651680067,2,20.0,400.0,200.0,5000.0,10.0,1e-05,4000.0,1.0,1.0,0.0,4.0
hor-low,0.8611111111111112,0.24031007751937986,0.3757575757575758,129.0,0.8990314910398423,2,20.0,400.0,200.0,5000.0,10.0,1e-05,4000.0,1.0,1.0,0.0,4.0
mean_light-low,0.9069767441860465,0.6446280991735537,0.753623188405797,121.0,0.9728020368162622,2,20.0,400.0,200.0,5000.0,10.0,1e-05,4000.0,1.0,1.0,0.0,4.0
ncorners-low,0.9294117647058824,0.6124031007751938,0.7383177570093458,129.0,0.9334222583077191,2,20.0,400.0,200.0,5000.0,10.0,1e-05,4000.0,1.0,1.0,0.0,4.0
nregions-low,0.8620689655172413,0.7246376811594203,0.7874015748031497,138.0,0.9588879029872819,2,20.0,400.0,200.0,5000.0,10.0,1e-05,4000.0,1.0,1.0,0.0,4.0
perc_white-low,0.956989247311828,0.7235772357723578,0.8240740740740742,123.0,0.9785661492978566,2,20.0,400.0,200.0,5000.0,10.0,1e-05,4000.0,1.0,1.0,0.0,4.0
sd_light-low,0.9841269841269841,0.8551724137931035,0.915129151291513,145.0,0.9948410210479175,2,20.0,400.0,200.0,5000.0,10.0,1e-05,4000.0,1.0,1.0,0.0,4.0
up_diag-low,0.9746835443037974,0.6062992125984252,0.7475728155339806,127.0,0.973779332174049,2,20.0,400.0,200.0,5000.0,10.0,1e-05,4000.0,1.0,1.0,0.0,4.0
v_sym-low,0.9122807017543859,0.3851851851851852,0.5416666666666667,135.0,0.8885700890764181,2,20.0,400.0,200.0,5000.0,10.0,1e-05,4000.0,1.0,1.0,0.0,4.0
down_diag-high,0.8490566037735849,0.3284671532846715,0.47368421052631576,137.0,0.8767482030422912,2,20.0,400.0,200.0,5000.0,10.0,1e-05,4000.0,1.0,1.0,0.0,4.0
entropy-high,0.8604651162790697,0.3008130081300813,0.4457831325301206,123.0,0.883022712291005,2,20.0,400.0,200.0,5000.0,10.0,1e-05,4000.0,1.0,1.0,0.0,4.0
gpc-high,0.9565217391304348,0.6821705426356589,0.7963800904977375,129.0,0.9725492470374452,2,20.0,400.0,200.0,5000.0,10.0,1e-05,4000.0,1.0,1.0,0.0,4.0
h_sym-high,0.9487179487179487,0.5692307692307692,0.7115384615384616,130.0,0.9475384615384617,2,20.0,400.0,200.0,5000.0,10.0,1e-05,4000.0,1.0,1.0,0.0,4.0
hor-high,0.8764044943820225,0.5954198473282443,0.7090909090909091,131.0,0.9518452620099869,2,20.0,400.0,200.0,5000.0,10.0,1e-05,4000.0,1.0,1.0,0.0,4.0
mean_light-high,0.9661016949152542,0.7755102040816326,0.860377358490566,147.0,0.9874957816024583,2,20.0,400.0,200.0,5000.0,10.0,1e-05,4000.0,1.0,1.0,0.0,4.0
ncorners-high,0.8736842105263158,0.6194029850746269,0.7248908296943232,134.0,0.9516809889944219,2,20.0,400.0,200.0,5000.0,10.0,1e-05,4000.0,1.0,1.0,0.0,4.0
nregions-high,0.8823529411764706,0.6198347107438017,0.7281553398058254,121.0,0.9581725231869709,2,20.0,400.0,200.0,5000.0,10.0,1e-05,4000.0,1.0,1.0,0.0,4.0
perc_white-high,0.9259259259259259,0.7407407407407407,0.8230452674897119,135.0,0.9733333333333333,2,20.0,400.0,200.0,5000.0,10.0,1e-05,4000.0,1.0,1.0,0.0,4.0
sd_light-high,0.9384615384615385,0.9682539682539683,0.953125,126.0,0.9977604903347477,2,20.0,400.0,200.0,5000.0,10.0,1e-05,4000.0,1.0,1.0,0.0,4.0
up_diag-high,0.9538461538461539,0.45255474452554745,0.6138613861386139,137.0,0.9368325253988596,2,20.0,400.0,200.0,5000.0,10.0,1e-05,4000.0,1.0,1.0,0.0,4.0
v_sym-high,0.9090909090909091,0.28776978417266186,0.4371584699453552,139.0,0.8445417578980294,2,20.0,400.0,200.0,5000.0,10.0,1e-05,4000.0,1.0,1.0,0.0,4.0
no_chars,1.0,0.8181818181818182,0.9,11.0,1.0,2,20.0,400.0,200.0,5000.0,10.0,1e-05,4000.0,1.0,1.0,0.0,4.0
many_chars,0.8734177215189873,0.5702479338842975,0.6900000000000001,121.0,0.9452403564428459,2,20.0,400.0,200.0,5000.0,10.0,1e-05,4000.0,1.0,1.0,0.0,4.0
many_marks,0.0,0.0,0.0,28.0,0.9467842914058053,2,20.0,400.0,200.0,5000.0,10.0,1e-05,4000.0,1.0,1.0,0.0,4.0
micro avg,0.9108147195886228,0.6335792532975631,0.7473136001054782,8946.0,0.9529321103639694,2,20.0,400.0,200.0,5000.0,10.0,1e-05,4000.0,1.0,1.0,0.0,4.0
macro avg,0.7751971765685062,0.43734097908902436,0.5080921942205874,8946.0,0.9529321103639694,2,20.0,400.0,200.0,5000.0,10.0,1e-05,4000.0,1.0,1.0,0.0,4.0
weighted avg,0.883908799231628,0.6335792532975631,0.6954310725918618,8946.0,0.9529321103639694,2,20.0,400.0,200.0,5000.0,10.0,1e-05,4000.0,1.0,1.0,0.0,4.0
samples avg,0.9100283226648669,0.6365093140312474,0.7414337370806284,8946.0,0.9529321103639694,2,20.0,400.0,200.0,5000.0,10.0,1e-05,4000.0,1.0,1.0,0.0,4.0
global.mmark_absbot,0.0,0.0,0.0,8.0,0.991139846743295,3,20.0,400.0,200.0,5000.0,10.0,1e-05,4000.0,1.0,1.0,0.0,4.0
global.mmark_absleft,1.0,0.515625,0.6804123711340206,64.0,0.9935287017167381,3,20.0,400.0,200.0,5000.0,10.0,1e-05,4000.0,1.0,1.0,0.0,4.0
global.mmark_absright,0.0,0.0,0.0,13.0,0.9636958785894956,3,20.0,400.0,200.0,5000.0,10.0,1e-05,4000.0,1.0,1.0,0.0,4.0
global.mmark_abstop,1.0,0.2571428571428571,0.40909090909090906,35.0,0.9882828282828283,3,20.0,400.0,200.0,5000.0,10.0,1e-05,4000.0,1.0,1.0,0.0,4.0
global.mmark_avgbot,0.0,0.0,0.0,15.0,0.9895145631067961,3,20.0,400.0,200.0,5000.0,10.0,1e-05,4000.0,1.0,1.0,0.0,4.0
global.mmark_avgleft,1.0,0.7391304347826086,0.85,138.0,0.9833998816918071,3,20.0,400.0,200.0,5000.0,10.0,1e-05,4000.0,1.0,1.0,0.0,4.0
global.mmark_avgright,0.0,0.0,0.0,53.0,0.9025750563664413,3,20.0,400.0,200.0,5000.0,10.0,1e-05,4000.0,1.0,1.0,0.0,4.0
global.mmark_avgtop,1.0,0.46551724137931033,0.6352941176470588,58.0,0.9838909994155465,3,20.0,400.0,200.0,5000.0,10.0,1e-05,4000.0,1.0,1.0,0.0,4.0
font.width_has_condensed,0.9122807017543859,0.2905027932960894,0.44067796610169485,179.0,0.8500374031100287,3,20.0,400.0,200.0,5000.0,10.0,1e-05,4000.0,1.0,1.0,0.0,4.0
font.width_has_wide,0.864406779661017,0.3923076923076923,0.5396825396825397,130.0,0.9043461538461538,3,20.0,400.0,200.0,5000.0,10.0,1e-05,4000.0,1.0,1.0,0.0,4.0
font.width_has_orig,0.8464646464646465,0.9882075471698113,0.911860718171926,424.0,0.9030126379494483,3,20.0,400.0,200.0,5000.0,10.0,1e-05,4000.0,1.0,1.0,0.0,4.0
font.weight_has_bold,0.7924107142857143,0.9594594594594594,0.8679706601466993,370.0,0.8815033783783783,3,20.0,400.0,200.0,5000.0,10.0,1e-05,4000.0,1.0,1.0,0.0,4.0
font.weight_has_light,1.0,0.047619047619047616,0.0909090909090909,63.0,0.8817171408177832,3,20.0,400.0,200.0,5000.0,10.0,1e-05,4000.0,1.0,1.0,0.0,4.0
font.weight_has_orig,0.7766666666666666,0.8442028985507246,0.8090277777777778,276.0,0.8838867967591008,3,20.0,400.0,200.0,5000.0,10.0,1e-05,4000.0,1.0,1.0,0.0,4.0
font.style_has_italic,0.9887640449438202,0.7457627118644068,0.8502415458937198,118.0,0.9832976797762054,3,20.0,400.0,200.0,5000.0,10.0,1e-05,4000.0,1.0,1.0,0.0,4.0
font.style_has_orig,0.9671052631578947,0.997737556561086,0.9821826280623608,442.0,0.9964520773344303,3,20.0,400.0,200.0,5000.0,10.0,1e-05,4000.0,1.0,1.0,0.0,4.0
color.blue_dark,1.0,0.4307692307692308,0.6021505376344086,65.0,0.99520264681555,3,20.0,400.0,200.0,5000.0,10.0,1e-05,4000.0,1.0,1.0,0.0,4.0
color.grey_light,0.9818181818181818,0.9585798816568047,0.9700598802395209,169.0,0.9977380386500352,3,20.0,400.0,200.0,5000.0,10.0,1e-05,4000.0,1.0,1.0,0.0,4.0
color.red,1.0,0.8175182481751825,0.8995983935742973,137.0,0.9922178265633996,3,20.0,400.0,200.0,5000.0,10.0,1e-05,4000.0,1.0,1.0,0.0,4.0
color.blue_light,0.98,0.6282051282051282,0.765625,78.0,0.9955184933061039,3,20.0,400.0,200.0,5000.0,10.0,1e-05,4000.0,1.0,1.0,0.0,4.0
color.black,0.9627906976744186,0.9857142857142858,0.9741176470588235,210.0,0.9981994047619047,3,20.0,400.0,200.0,5000.0,10.0,1e-05,4000.0,1.0,1.0,0.0,4.0
color.blue_medium,1.0,0.7974683544303798,0.8873239436619719,158.0,0.9873077446576835,3,20.0,400.0,200.0,5000.0,10.0,1e-05,4000.0,1.0,1.0,0.0,4.0
color.orange,1.0,0.058823529411764705,0.1111111111111111,34.0,0.9736717267552182,3,20.0,400.0,200.0,5000.0,10.0,1e-05,4000.0,1.0,1.0,0.0,4.0
color.red_dark,1.0,0.07692307692307693,0.14285714285714288,26.0,0.9725274725274726,3,20.0,400.0,200.0,5000.0,10.0,1e-05,4000.0,1.0,1.0,0.0,4.0
color.green_light,1.0,0.2702702702702703,0.4255319148936171,37.0,0.9953949893097966,3,20.0,400.0,200.0,5000.0,10.0,1e-05,4000.0,1.0,1.0,0.0,4.0
color.grey_dark,0.9591836734693877,0.8545454545454545,0.9038461538461537,110.0,0.9959307359307359,3,20.0,400.0,200.0,5000.0,10.0,1e-05,4000.0,1.0,1.0,0.0,4.0
color.green_dark,1.0,0.03333333333333333,0.06451612903225806,30.0,0.976,3,20.0,400.0,200.0,5000.0,10.0,1e-05,4000.0,1.0,1.0,0.0,4.0
color.brown,1.0,0.25,0.4,24.0,0.9979413702239789,3,20.0,400.0,200.0,5000.0,10.0,1e-05,4000.0,1.0,1.0,0.0,4.0
color.yellow,1.0,0.47058823529411764,0.6399999999999999,34.0,0.9919354838709677,3,20.0,400.0,200.0,5000.0,10.0,1e-05,4000.0,1.0,1.0,0.0,4.0
global.has_mark,0.9510204081632653,1.0,0.9748953974895398,466.0,0.9872250536480687,3,20.0,400.0,200.0,5000.0,10.0,1e-05,4000.0,1.0,1.0,0.0,4.0
binfont.grotesque,0.9111111111111111,0.5,0.6456692913385828,164.0,0.9279788084766093,3,20.0,400.0,200.0,5000.0,10.0,1e-05,4000.0,1.0,1.0,0.0,4.0
binfont.geom,0.9111111111111111,0.4659090909090909,0.6165413533834586,176.0,0.8921578068823831,3,20.0,400.0,200.0,5000.0,10.0,1e-05,4000.0,1.0,1.0,0.0,4.0
binfont.geom.square,1.0,0.03773584905660377,0.07272727272727272,53.0,0.8626241050591353,3,20.0,400.0,200.0,5000.0,10.0,1e-05,4000.0,1.0,1.0,0.0,4.0
binfont.humanist,0.0,0.0,0.0,52.0,0.9137029288702929,3,20.0,400.0,200.0,5000.0,10.0,1e-05,4000.0,1.0,1.0,0.0,4.0
binfont.transitional,0.0,0.0,0.0,26.0,0.9526098901098901,3,20.0,400.0,200.0,5000.0,10.0,1e-05,4000.0,1.0,1.0,0.0,4.0
binfont.oldstyle,1.0,0.058823529411764705,0.1111111111111111,17.0,0.9877307648205482,3,20.0,400.0,200.0,5000.0,10.0,1e-05,4000.0,1.0,1.0,0.0,4.0
binfont.clarendon,1.0,0.14285714285714285,0.25,14.0,0.9940476190476191,3,20.0,400.0,200.0,5000.0,10.0,1e-05,4000.0,1.0,1.0,0.0,4.0
binfont.slab,0.0,0.0,0.0,10.0,0.9932692307692308,3,20.0,400.0,200.0,5000.0,10.0,1e-05,4000.0,1.0,1.0,0.0,4.0
binfont.didone,0.0,0.0,0.0,16.0,0.9700875486381323,3,20.0,400.0,200.0,5000.0,10.0,1e-05,4000.0,1.0,1.0,0.0,4.0
ac.black,0.8703703703703703,0.5340909090909091,0.6619718309859154,88.0,0.9689171122994653,3,20.0,400.0,200.0,5000.0,10.0,1e-05,4000.0,1.0,1.0,0.0,4.0
ac.blue_dark,1.0,0.034482758620689655,0.06666666666666667,29.0,0.9800399201596807,3,20.0,400.0,200.0,5000.0,10.0,1e-05,4000.0,1.0,1.0,0.0,4.0
ac.blue_light,1.0,0.17073170731707318,0.2916666666666667,41.0,0.9826924036111526,3,20.0,400.0,200.0,5000.0,10.0,1e-05,4000.0,1.0,1.0,0.0,4.0
ac.blue_medium,0.0,0.0,0.0,27.0,0.9607539945512112,3,20.0,400.0,200.0,5000.0,10.0,1e-05,4000.0,1.0,1.0,0.0,4.0
ac.brown,1.0,0.25,0.4,16.0,0.9991488326848249,3,20.0,400.0,200.0,5000.0,10.0,1e-05,4000.0,1.0,1.0,0.0,4.0
ac.green_dark,0.0,0.0,0.0,16.0,0.9865029182879378,3,20.0,400.0,200.0,5000.0,10.0,1e-05,4000.0,1.0,1.0,0.0,4.0
ac.green_light,1.0,0.3333333333333333,0.5,30.0,0.9973333333333333,3,20.0,400.0,200.0,5000.0,10.0,1e-05,4000.0,1.0,1.0,0.0,4.0
ac.grey_dark,1.0,0.7906976744186046,0.8831168831168831,86.0,0.9977739367274251,3,20.0,400.0,200.0,5000.0,10.0,1e-05,4000.0,1.0,1.0,0.0,4.0
ac.grey_light,0.967948717948718,0.9320987654320988,0.949685534591195,162.0,0.9956555287171229,3,20.0,400.0,200.0,5000.0,10.0,1e-05,4000.0,1.0,1.0,0.0,4.0
ac.orange,1.0,0.07407407407407407,0.13793103448275862,27.0,0.9807083425373684,3,20.0,400.0,200.0,5000.0,10.0,1e-05,4000.0,1.0,1.0,0.0,4.0
ac.red,0.8571428571428571,0.09230769230769231,0.16666666666666666,65.0,0.9685028949545078,3,20.0,400.0,200.0,5000.0,10.0,1e-05,4000.0,1.0,1.0,0.0,4.0
ac.red_dark,1.0,0.11764705882352941,0.21052631578947367,17.0,0.9847494553376906,3,20.0,400.0,200.0,5000.0,10.0,1e-05,4000.0,1.0,1.0,0.0,4.0
ac.yellow,1.0,0.38461538461538464,0.5555555555555556,26.0,0.9983974358974359,3,20.0,400.0,200.0,5000.0,10.0,1e-05,4000.0,1.0,1.0,0.0,4.0
zero_sat,1.0,0.8636363636363636,0.9268292682926829,44.0,1.0,3,20.0,400.0,200.0,5000.0,10.0,1e-05,4000.0,1.0,1.0,0.0,4.0
high_sat,0.9724770642201835,0.8983050847457628,0.9339207048458149,118.0,0.9945285502715155,3,20.0,400.0,200.0,5000.0,10.0,1e-05,4000.0,1.0,1.0,0.0,4.0
high_sat_sd,0.8170731707317073,0.5726495726495726,0.6733668341708542,117.0,0.943978808385588,3,20.0,400.0,200.0,5000.0,10.0,1e-05,4000.0,1.0,1.0,0.0,4.0
low_sat,0.9611650485436893,0.8114754098360656,0.88,122.0,0.9891513982642237,3,20.0,400.0,200.0,5000.0,10.0,1e-05,4000.0,1.0,1.0,0.0,4.0
low_sat_sd,0.9404761904761905,0.6638655462184874,0.7783251231527093,119.0,0.9512359688400909,3,20.0,400.0,200.0,5000.0,10.0,1e-05,4000.0,1.0,1.0,0.0,4.0
down_diag-low,0.8316831683168316,0.5915492957746479,0.691358024691358,142.0,0.9306483229272543,3,20.0,400.0,200.0,5000.0,10.0,1e-05,4000.0,1.0,1.0,0.0,4.0
entropy-low,0.8666666666666667,0.20155038759689922,0.32704402515723274,129.0,0.8866399891743509,3,20.0,400.0,200.0,5000.0,10.0,1e-05,4000.0,1.0,1.0,0.0,4.0
gpc-low,0.9099099099099099,0.753731343283582,0.8244897959183672,134.0,0.9805517865219358,3,20.0,400.0,200.0,5000.0,10.0,1e-05,4000.0,1.0,1.0,0.0,4.0
h_sym-low,0.875,0.109375,0.19444444444444445,128.0,0.8237328980099503,3,20.0,400.0,200.0,5000.0,10.0,1e-05,4000.0,1.0,1.0,0.0,4.0
hor-low,0.8936170212765957,0.3088235294117647,0.45901639344262296,136.0,0.9036652732158853,3,20.0,400.0,200.0,5000.0,10.0,1e-05,4000.0,1.0,1.0,0.0,4.0
mean_light-low,0.936,0.841726618705036,0.8863636363636364,139.0,0.989236232497378,3,20.0,400.0,200.0,5000.0,10.0,1e-05,4000.0,1.0,1.0,0.0,4.0
ncorners-low,0.9222222222222223,0.6014492753623188,0.7280701754385965,138.0,0.9379991126885536,3,20.0,400.0,200.0,5000.0,10.0,1e-05,4000.0,1.0,1.0,0.0,4.0
nregions-low,0.8773584905660378,0.7153846153846154,0.7881355932203389,130.0,0.9694230769230768,3,20.0,400.0,200.0,5000.0,10.0,1e-05,4000.0,1.0,1.0,0.0,4.0
perc_white-low,0.9298245614035088,0.7851851851851852,0.8514056224899599,135.0,0.98014064697609,3,20.0,400.0,200.0,5000.0,10.0,1e-05,4000.0,1.0,1.0,0.0,4.0
sd_light-low,0.972972972972973,0.8925619834710744,0.9310344827586208,121.0,0.9970700559720341,3,20.0,400.0,200.0,5000.0,10.0,1e-05,4000.0,1.0,1.0,0.0,4.0
up_diag-low,0.9629629629629629,0.5652173913043478,0.7123287671232876,138.0,0.9528246081041112,3,20.0,400.0,200.0,5000.0,10.0,1e-05,4000.0,1.0,1.0,0.0,4.0
v_sym-low,0.8253968253968254,0.39097744360902253,0.5306122448979591,133.0,0.8968201359822731,3,20.0,400.0,200.0,5000.0,10.0,1e-05,4000.0,1.0,1.0,0.0,4.0
down_diag-high,0.8333333333333334,0.29411764705882354,0.4347826086956522,119.0,0.9156392484000899,3,20.0,400.0,200.0,5000.0,10.0,1e-05,4000.0,1.0,1.0,0.0,4.0
entropy-high,0.8421052631578947,0.24806201550387597,0.3832335329341317,129.0,0.8874712443696958,3,20.0,400.0,200.0,5000.0,10.0,1e-05,4000.0,1.0,1.0,0.0,4.0
gpc-high,0.897196261682243,0.6808510638297872,0.7741935483870968,141.0,0.9652500501376506,3,20.0,400.0,200.0,5000.0,10.0,1e-05,4000.0,1.0,1.0,0.0,4.0
h_sym-high,0.8656716417910447,0.44274809160305345,0.5858585858585859,131.0,0.9283896764812796,3,20.0,400.0,200.0,5000.0,10.0,1e-05,4000.0,1.0,1.0,0.0,4.0
hor-high,0.967032967032967,0.6567164179104478,0.7822222222222223,134.0,0.9510590984471582,3,20.0,400.0,200.0,5000.0,10.0,1e-05,4000.0,1.0,1.0,0.0,4.0
mean_light-high,0.9770114942528736,0.6967213114754098,0.8133971291866029,122.0,0.9884884281581485,3,20.0,400.0,200.0,5000.0,10.0,1e-05,4000.0,1.0,1.0,0.0,4.0
ncorners-high,0.9310344827586207,0.6230769230769231,0.7465437788018434,130.0,0.9600576923076923,3,20.0,400.0,200.0,5000.0,10.0,1e-05,4000.0,1.0,1.0,0.0,4.0
nregions-high,0.8863636363636364,0.6046511627906976,0.7188940092165897,129.0,0.9503180034410099,3,20.0,400.0,200.0,5000.0,10.0,1e-05,4000.0,1.0,1.0,0.0,4.0
perc_white-high,0.9393939393939394,0.6940298507462687,0.7982832618025753,134.0,0.9737863711744309,3,20.0,400.0,200.0,5000.0,10.0,1e-05,4000.0,1.0,1.0,0.0,4.0
sd_light-high,0.9411764705882353,0.9411764705882353,0.9411764705882353,136.0,0.9964914899970141,3,20.0,400.0,200.0,5000.0,10.0,1e-05,4000.0,1.0,1.0,0.0,4.0
up_diag-high,0.875,0.5789473684210527,0.6968325791855203,133.0,0.9433912236510673,3,20.0,400.0,200.0,5000.0,10.0,1e-05,4000.0,1.0,1.0,0.0,4.0
v_sym-high,0.875,0.3111111111111111,0.459016393442623,135.0,0.8813877168307548,3,20.0,400.0,200.0,5000.0,10.0,1e-05,4000.0,1.0,1.0,0.0,4.0
no_chars,1.0,0.8888888888888888,0.9411764705882353,9.0,1.0,3,20.0,400.0,200.0,5000.0,10.0,1e-05,4000.0,1.0,1.0,0.0,4.0
many_chars,0.9156626506024096,0.672566371681416,0.7755102040816327,113.0,0.9689310498503851,3,20.0,400.0,200.0,5000.0,10.0,1e-05,4000.0,1.0,1.0,0.0,4.0
many_marks,0.0,0.0,0.0,23.0,0.8871451848040477,3,20.0,400.0,200.0,5000.0,10.0,1e-05,4000.0,1.0,1.0,0.0,4.0
micro avg,0.9148003132341426,0.6516791252928706,0.7611415168100079,8963.0,0.9590229781605134,3,20.0,400.0,200.0,5000.0,10.0,1e-05,4000.0,1.0,1.0,0.0,4.0
macro avg,0.8183498138377032,0.4606724759522719,0.53948435345832,8963.0,0.9590229781605134,3,20.0,400.0,200.0,5000.0,10.0,1e-05,4000.0,1.0,1.0,0.0,4.0
weighted avg,0.8921494412693937,0.6516791252928706,0.715171895439254,8963.0,0.9590229781605134,3,20.0,400.0,200.0,5000.0,10.0,1e-05,4000.0,1.0,1.0,0.0,4.0
samples avg,0.9150050503705071,0.6553177470444421,0.7558830434243511,8963.0,0.9590229781605134,3,20.0,400.0,200.0,5000.0,10.0,1e-05,4000.0,1.0,1.0,0.0,4.0
global.mmark_absbot,0.0,0.0,0.0,9.0,0.9520165789893192,4,20.0,400.0,200.0,5000.0,10.0,1e-05,4000.0,1.0,1.0,0.0,4.0
global.mmark_absleft,0.9761904761904762,0.43617021276595747,0.6029411764705882,94.0,0.9797316089556389,4,20.0,400.0,200.0,5000.0,10.0,1e-05,4000.0,1.0,1.0,0.0,4.0
global.mmark_absright,0.0,0.0,0.0,18.0,0.9437177002583979,4,20.0,400.0,200.0,5000.0,10.0,1e-05,4000.0,1.0,1.0,0.0,4.0
global.mmark_abstop,1.0,0.13953488372093023,0.24489795918367346,43.0,0.9819706057736154,4,20.0,400.0,200.0,5000.0,10.0,1e-05,4000.0,1.0,1.0,0.0,4.0
global.mmark_avgbot,0.0,0.0,0.0,18.0,0.9387919896640827,4,20.0,400.0,200.0,5000.0,10.0,1e-05,4000.0,1.0,1.0,0.0,4.0
global.mmark_avgleft,0.9568345323741008,0.7037037037037037,0.8109756097560976,189.0,0.9672510310808182,4,20.0,400.0,200.0,5000.0,10.0,1e-05,4000.0,1.0,1.0,0.0,4.0
global.mmark_avgright,0.0,0.0,0.0,73.0,0.8803696249648337,4,20.0,400.0,200.0,5000.0,10.0,1e-05,4000.0,1.0,1.0,0.0,4.0
global.mmark_avgtop,1.0,0.2948717948717949,0.45544554455445546,78.0,0.9814225053078556,4,20.0,400.0,200.0,5000.0,10.0,1e-05,4000.0,1.0,1.0,0.0,4.0
font.width_has_condensed,0.8611111111111112,0.26609442060085836,0.4065573770491803,233.0,0.8215753704325419,4,20.0,400.0,200.0,5000.0,10.0,1e-05,4000.0,1.0,1.0,0.0,4.0
font.width_has_wide,0.9393939393939394,0.18128654970760233,0.30392156862745096,171.0,0.8389244138383342,4,20.0,400.0,200.0,5000.0,10.0,1e-05,4000.0,1.0,1.0,0.0,4.0
font.width_has_orig,0.8365817091454273,0.9893617021276596,0.9065800162469538,564.0,0.8671461392468285,4,20.0,400.0,200.0,5000.0,10.0,1e-05,4000.0,1.0,1.0,0.0,4.0
font.weight_has_bold,0.7809364548494984,0.947261663286004,0.8560953253895509,493.0,0.8626593910998104,4,20.0,400.0,200.0,5000.0,10.0,1e-05,4000.0,1.0,1.0,0.0,4.0
font.weight_has_light,1.0,0.023255813953488372,0.04545454545454545,86.0,0.8514816204051013,4,20.0,400.0,200.0,5000.0,10.0,1e-05,4000.0,1.0,1.0,0.0,4.0
font.weight_has_orig,0.7349397590361446,0.800524934383202,0.7663316582914573,381.0,0.8383040581465778,4,20.0,400.0,200.0,5000.0,10.0,1e-05,4000.0,1.0,1.0,0.0,4.0
font.style_has_italic,0.9649122807017544,0.7189542483660131,0.8239700374531835,153.0,0.9821295606850335,4,20.0,400.0,200.0,5000.0,10.0,1e-05,4000.0,1.0,1.0,0.0,4.0
font.style_has_orig,0.9671052631578947,0.9949238578680203,0.9808173477898249,591.0,0.9967188994335319,4,20.0,400.0,200.0,5000.0,10.0,1e-05,4000.0,1.0,1.0,0.0,4.0
color.blue_dark,1.0,0.012658227848101266,0.024999999999999998,79.0,0.9402418589627117,4,20.0,400.0,200.0,5000.0,10.0,1e-05,4000.0,1.0,1.0,0.0,4.0
color.grey_light,0.9267015706806283,0.8388625592417062,0.8805970149253731,211.0,0.9815405237206185,4,20.0,400.0,200.0,5000.0,10.0,1e-05,4000.0,1.0,1.0,0.0,4.0
color.red,1.0,0.918918918918919,0.9577464788732395,185.0,0.9991492452145043,4,20.0,400.0,200.0,5000.0,10.0,1e-05,4000.0,1.0,1.0,0.0,4.0
color.blue_light,0.9696969696969697,0.31683168316831684,0.47761194029850745,101.0,0.9705425087963342,4,20.0,400.0,200.0,5000.0,10.0,1e-05,4000.0,1.0,1.0,0.0,4.0
color.black,0.9560439560439561,0.9738805970149254,0.964879852125693,268.0,0.9956978804607102,4,20.0,400.0,200.0,5000.0,10.0,1e-05,4000.0,1.0,1.0,0.0,4.0
color.blue_medium,0.8790322580645161,0.5477386934673367,0.6749226006191951,199.0,0.908308802394616,4,20.0,400.0,200.0,5000.0,10.0,1e-05,4000.0,1.0,1.0,0.0,4.0
color.orange,0.0,0.0,0.0,47.0,0.9464049333290285,4,20.0,400.0,200.0,5000.0,10.0,1e-05,4000.0,1.0,1.0,0.0,4.0
color.red_dark,0.0,0.0,0.0,41.0,0.9579314139006052,4,20.0,400.0,200.0,5000.0,10.0,1e-05,4000.0,1.0,1.0,0.0,4.0
color.green_light,1.0,0.3,0.4615384615384615,50.0,0.987439024390244,4,20.0,400.0,200.0,5000.0,10.0,1e-05,4000.0,1.0,1.0,0.0,4.0
color.grey_dark,0.9327731092436975,0.75,0.8314606741573033,148.0,0.9822847040588976,4,20.0,400.0,200.0,5000.0,10.0,1e-05,4000.0,1.0,1.0,0.0,4.0
color.green_dark,1.0,0.13043478260869565,0.23076923076923078,46.0,0.9732872200263504,4,20.0,400.0,200.0,5000.0,10.0,1e-05,4000.0,1.0,1.0,0.0,4.0
color.brown,1.0,0.058823529411764705,0.1111111111111111,34.0,0.9831057422969187,4,20.0,400.0,200.0,5000.0,10.0,1e-05,4000.0,1.0,1.0,0.0,4.0
color.yellow,1.0,0.5094339622641509,0.6749999999999999,53.0,0.984628275881996,4,20.0,400.0,200.0,5000.0,10.0,1e-05,4000.0,1.0,1.0,0.0,4.0
global.has_mark,0.9214814814814815,0.9983948635634029,0.958397534668721,623.0,0.9765418012338277,4,20.0,400.0,200.0,5000.0,10.0,1e-05,4000.0,1.0,1.0,0.0,4.0
binfont.grotesque,0.8118811881188119,0.36771300448430494,0.5061728395061729,223.0,0.8349905764606487,4,20.0,400.0,200.0,5000.0,10.0,1e-05,4000.0,1.0,1.0,0.0,4.0
binfont.geom,0.89,0.3991031390134529,0.5510835913312694,223.0,0.8658236544764134,4,20.0,400.0,200.0,5000.0,10.0,1e-05,4000.0,1.0,1.0,0.0,4.0
binfont.geom.square,0.0,0.0,0.0,68.0,0.855568873317352,4,20.0,400.0,200.0,5000.0,10.0,1e-05,4000.0,1.0,1.0,0.0,4.0
binfont.humanist,0.0,0.0,0.0,73.0,0.837477547663875,4,20.0,400.0,200.0,5000.0,10.0,1e-05,4000.0,1.0,1.0,0.0,4.0
binfont.transitional,1.0,0.08571428571428572,0.15789473684210528,35.0,0.9489035554609325,4,20.0,400.0,200.0,5000.0,10.0,1e-05,4000.0,1.0,1.0,0.0,4.0
binfont.oldstyle,0.0,0.0,0.0,21.0,0.9623218630517901,4,20.0,400.0,200.0,5000.0,10.0,1e-05,4000.0,1.0,1.0,0.0,4.0
binfont.clarendon,0.0,0.0,0.0,19.0,0.9698919788554355,4,20.0,400.0,200.0,5000.0,10.0,1e-05,4000.0,1.0,1.0,0.0,4.0
binfont.slab,0.0,0.0,0.0,12.0,0.9747838616714698,4,20.0,400.0,200.0,5000.0,10.0,1e-05,4000.0,1.0,1.0,0.0,4.0
binfont.didone,0.0,0.0,0.0,26.0,0.9833710407239818,4,20.0,400.0,200.0,5000.0,10.0,1e-05,4000.0,1.0,1.0,0.0,4.0
ac.black,0.8813559322033898,0.4642857142857143,0.6081871345029239,112.0,0.9597613035113035,4,20.0,400.0,200.0,5000.0,10.0,1e-05,4000.0,1.0,1.0,0.0,4.0
ac.blue_dark,0.0,0.0,0.0,33.0,0.9525417623485974,4,20.0,400.0,200.0,5000.0,10.0,1e-05,4000.0,1.0,1.0,0.0,4.0
ac.blue_light,0.0,0.0,0.0,47.0,0.9595776967035805,4,20.0,400.0,200.0,5000.0,10.0,1e-05,4000.0,1.0,1.0,0.0,4.0
ac.blue_medium,0.0,0.0,0.0,33.0,0.910351659237246,4,20.0,400.0,200.0,5000.0,10.0,1e-05,4000.0,1.0,1.0,0.0,4.0
ac.brown,1.0,0.038461538461538464,0.07407407407407407,26.0,0.9919683257918551,4,20.0,400.0,200.0,5000.0,10.0,1e-05,4000.0,1.0,1.0,0.0,4.0
ac.green_dark,0.0,0.0,0.0,23.0,0.9605958367814629,4,20.0,400.0,200.0,5000.0,10.0,1e-05,4000.0,1.0,1.0,0.0,4.0
ac.green_light,1.0,0.3076923076923077,0.47058823529411764,39.0,0.993887671548841,4,20.0,400.0,200.0,5000.0,10.0,1e-05,4000.0,1.0,1.0,0.0,4.0
ac.grey_dark,0.9866666666666667,0.6434782608695652,0.7789473684210526,115.0,0.9733539321709704,4,20.0,400.0,200.0,5000.0,10.0,1e-05,4000.0,1.0,1.0,0.0,4.0
ac.grey_light,0.9021739130434783,0.8177339901477833,0.8578811369509045,203.0,0.9777884417632139,4,20.0,400.0,200.0,5000.0,10.0,1e-05,4000.0,1.0,1.0,0.0,4.0
ac.orange,0.0,0.0,0.0,35.0,0.9521822439855226,4,20.0,400.0,200.0,5000.0,10.0,1e-05,4000.0,1.0,1.0,0.0,4.0
ac.red,1.0,0.18823529411764706,0.31683168316831684,85.0,0.9691389599317988,4,20.0,400.0,200.0,5000.0,10.0,1e-05,4000.0,1.0,1.0,0.0,4.0
ac.red_dark,0.0,0.0,0.0,26.0,0.9602941176470589,4,20.0,400.0,200.0,5000.0,10.0,1e-05,4000.0,1.0,1.0,0.0,4.0
ac.yellow,0.9285714285714286,0.29545454545454547,0.4482758620689656,44.0,0.9859241966492721,4,20.0,400.0,200.0,5000.0,10.0,1e-05,4000.0,1.0,1.0,0.0,4.0
zero_sat,1.0,0.9107142857142857,0.9532710280373832,56.0,1.0,4,20.0,400.0,200.0,5000.0,10.0,1e-05,4000.0,1.0,1.0,0.0,4.0
high_sat,0.94,0.8650306748466258,0.9009584664536742,163.0,0.9902269825667447,4,20.0,400.0,200.0,5000.0,10.0,1e-05,4000.0,1.0,1.0,0.0,4.0
high_sat_sd,0.7723577235772358,0.5792682926829268,0.6620209059233448,164.0,0.934389343893439,4,20.0,400.0,200.0,5000.0,10.0,1e-05,4000.0,1.0,1.0,0.0,4.0
low_sat,0.9640287769784173,0.8375,0.8963210702341137,160.0,0.9925366300366301,4,20.0,400.0,200.0,5000.0,10.0,1e-05,4000.0,1.0,1.0,0.0,4.0
low_sat_sd,0.9140625,0.7358490566037735,0.8153310104529615,159.0,0.9560668253365988,4,20.0,400.0,200.0,5000.0,10.0,1e-05,4000.0,1.0,1.0,0.0,4.0
down_diag-low,0.8347826086956521,0.5485714285714286,0.6620689655172414,175.0,0.9380360505784234,4,20.0,400.0,200.0,5000.0,10.0,1e-05,4000.0,1.0,1.0,0.0,4.0
entropy-low,0.8653846153846154,0.25280898876404495,0.391304347826087,178.0,0.8634554817841334,4,20.0,400.0,200.0,5000.0,10.0,1e-05,4000.0,1.0,1.0,0.0,4.0
gpc-low,0.912751677852349,0.768361581920904,0.8343558282208589,177.0,0.9772088900280884,4,20.0,400.0,200.0,5000.0,10.0,1e-05,4000.0,1.0,1.0,0.0,4.0
h_sym-low,1.0,0.028089887640449437,0.0546448087431694,178.0,0.7907303370786517,4,20.0,400.0,200.0,5000.0,10.0,1e-05,4000.0,1.0,1.0,0.0,4.0
hor-low,0.8484848484848485,0.15730337078651685,0.26540284360189575,178.0,0.8317053966632619,4,20.0,400.0,200.0,5000.0,10.0,1e-05,4000.0,1.0,1.0,0.0,4.0
mean_light-low,0.8986486486486487,0.76,0.8235294117647058,175.0,0.9789615281140704,4,20.0,400.0,200.0,5000.0,10.0,1e-05,4000.0,1.0,1.0,0.0,4.0
ncorners-low,0.9326923076923077,0.5542857142857143,0.6953405017921147,175.0,0.9215173527037934,4,20.0,400.0,200.0,5000.0,10.0,1e-05,4000.0,1.0,1.0,0.0,4.0
nregions-low,0.8333333333333334,0.6571428571428571,0.7348242811501599,175.0,0.9544471347861179,4,20.0,400.0,200.0,5000.0,10.0,1e-05,4000.0,1.0,1.0,0.0,4.0
perc_white-low,0.8904109589041096,0.7344632768361582,0.804953560371517,177.0,0.975019490991424,4,20.0,400.0,200.0,5000.0,10.0,1e-05,4000.0,1.0,1.0,0.0,4.0
sd_light-low,0.9634146341463414,0.8926553672316384,0.9266862170087976,177.0,0.9969455213439706,4,20.0,400.0,200.0,5000.0,10.0,1e-05,4000.0,1.0,1.0,0.0,4.0
up_diag-low,0.9528301886792453,0.5706214689265536,0.7137809187279153,177.0,0.9560518193371995,4,20.0,400.0,200.0,5000.0,10.0,1e-05,4000.0,1.0,1.0,0.0,4.0
v_sym-low,0.8301886792452831,0.25142857142857145,0.38596491228070173,175.0,0.8362335216572505,4,20.0,400.0,200.0,5000.0,10.0,1e-05,4000.0,1.0,1.0,0.0,4.0
down_diag-high,0.8909090909090909,0.2768361581920904,0.4224137931034483,177.0,0.883940491066184,4,20.0,400.0,200.0,5000.0,10.0,1e-05,4000.0,1.0,1.0,0.0,4.0
entropy-high,0.7441860465116279,0.18604651162790697,0.2976744186046511,172.0,0.8371113143454404,4,20.0,400.0,200.0,5000.0,10.0,1e-05,4000.0,1.0,1.0,0.0,4.0
gpc-high,0.8809523809523809,0.6271186440677966,0.7326732673267327,177.0,0.9509895015646194,4,20.0,400.0,200.0,5000.0,10.0,1e-05,4000.0,1.0,1.0,0.0,4.0
h_sym-high,0.9351851851851852,0.5674157303370787,0.7062937062937064,178.0,0.9341802860061287,4,20.0,400.0,200.0,5000.0,10.0,1e-05,4000.0,1.0,1.0,0.0,4.0
hor-high,0.8761904761904762,0.519774011299435,0.652482269503546,177.0,0.9154144372176476,4,20.0,400.0,200.0,5000.0,10.0,1e-05,4000.0,1.0,1.0,0.0,4.0
mean_light-high,0.9727891156462585,0.8033707865168539,0.8799999999999999,178.0,0.9877106741573034,4,20.0,400.0,200.0,5000.0,10.0,1e-05,4000.0,1.0,1.0,0.0,4.0
ncorners-high,0.8918918918918919,0.5625,0.6898954703832753,176.0,0.9274871355060035,4,20.0,400.0,200.0,5000.0,10.0,1e-05,4000.0,1.0,1.0,0.0,4.0
nregions-high,0.9139784946236559,0.5246913580246914,0.6666666666666666,162.0,0.9411537763253449,4,20.0,400.0,200.0,5000.0,10.0,1e-05,4000.0,1.0,1.0,0.0,4.0
perc_white-high,0.9197080291970803,0.7159090909090909,0.8051118210862621,176.0,0.9746783876500857,4,20.0,400.0,200.0,5000.0,10.0,1e-05,4000.0,1.0,1.0,0.0,4.0
sd_light-high,0.9111111111111111,0.9371428571428572,0.923943661971831,175.0,0.9952972827549098,4,20.0,400.0,200.0,5000.0,10.0,1e-05,4000.0,1.0,1.0,0.0,4.0
up_diag-high,0.9010989010989011,0.47398843930635837,0.6212121212121212,173.0,0.9295513453133641,4,20.0,400.0,200.0,5000.0,10.0,1e-05,4000.0,1.0,1.0,0.0,4.0
v_sym-high,0.8666666666666667,0.21787709497206703,0.3482142857142857,179.0,0.8642468701302832,4,20.0,400.0,200.0,5000.0,10.0,1e-05,4000.0,1.0,1.0,0.0,4.0
no_chars,1.0,0.6666666666666666,0.8,12.0,0.9998799231508165,4,20.0,400.0,200.0,5000.0,10.0,1e-05,4000.0,1.0,1.0,0.0,4.0
many_chars,0.8865979381443299,0.5512820512820513,0.6798418972332017,156.0,0.9452797202797203,4,20.0,400.0,200.0,5000.0,10.0,1e-05,4000.0,1.0,1.0,0.0,4.0
many_marks,0.0,0.0,0.0,33.0,0.8828853167634743,4,20.0,400.0,200.0,5000.0,10.0,1e-05,4000.0,1.0,1.0,0.0,4.0
micro avg,0.8934324659231723,0.6048657718120806,0.7213606803401701,11920.0,0.9394661059742074,4,20.0,400.0,200.0,5000.0,10.0,1e-05,4000.0,1.0,1.0,0.0,4.0
macro avg,0.7136788193991238,0.4070774750813225,0.47583502600857225,11920.0,0.9394661059742074,4,20.0,400.0,200.0,5000.0,10.0,1e-05,4000.0,1.0,1.0,0.0,4.0
weighted avg,0.8506655140227902,0.6048657718120806,0.6640780303946665,11920.0,0.9394661059742074,4,20.0,400.0,200.0,5000.0,10.0,1e-05,4000.0,1.0,1.0,0.0,4.0
samples avg,0.8926895221657499,0.6080865453111135,0.7142278397330818,11920.0,0.9394661059742074,4,20.0,400.0,200.0,5000.0,10.0,1e-05,4000.0,1.0,1.0,0.0,4.0
