"","sincerity","excitement","competence","sophistication","ruggedness"
"21st-century-fox",2.63636363636364,2.81818181818182,3.11111111111111,2.83333333333333,1.4
"3m",2.54545454545455,2.45454545454545,3,1.33333333333333,2.4
"abbott-labs",1.09090909090909,0.818181818181818,2.44444444444444,0,0
"abbvie-inc",2.54545454545455,2.54545454545455,2.44444444444444,2.5,0.4
"abc",0.818181818181818,0.545454545454545,2.33333333333333,2,0.4
"abm",0.363636363636364,0.636363636363636,2.88888888888889,0.5,1.6
"accenture",0.545454545454545,1.63636363636364,2.77777777777778,0.166666666666667,0.2
"ace",1.72727272727273,0.181818181818182,1.11111111111111,0,1.2
"actavis",2,1.54545454545455,3.55555555555556,2.33333333333333,2.6
"activision-blizzard",1.63636363636364,2.45454545454545,2.22222222222222,0.5,0.8
"adidas",2.72727272727273,2.81818181818182,3.22222222222222,3.33333333333333,3.2
"adobe",2.72727272727273,2.72727272727273,2.88888888888889,3,2.6
"adp",0.727272727272727,1.27272727272727,4,1.66666666666667,1.8
"advance-auto-parts",2.09090909090909,1.36363636363636,2.44444444444444,0,3.2
"aecom-technology",2.54545454545455,2.27272727272727,2.88888888888889,1.33333333333333,0.8
"aes",0.272727272727273,0.272727272727273,1.44444444444444,0,0
"aetna",2.18181818181818,0.363636363636364,1.77777777777778,0,0
"aflac",2.18181818181818,1.18181818181818,1.88888888888889,0.333333333333333,0
"agco-corporation",0.727272727272727,0.272727272727273,1.33333333333333,0,1.6
"aig",0.181818181818182,0.818181818181818,2.22222222222222,1,2
"air-products--chemicals",1.09090909090909,1.36363636363636,1.77777777777778,1.66666666666667,1.4
"airbnb",1.90909090909091,3.36363636363636,2,2.5,0.8
"airgas",3,1.90909090909091,2.55555555555556,1.5,1.8
"ak-steel-holding-corporation",1.09090909090909,0.363636363636364,1.88888888888889,0,0.6
"akamai-technologies",2.45454545454545,3.27272727272727,3.88888888888889,2,2.2
"alaska-air-group",2.72727272727273,1.45454545454545,1.88888888888889,0.833333333333333,0.6
"alcoa",1.18181818181818,0.181818181818182,2.77777777777778,0.333333333333333,1.2
"allergan",0.272727272727273,0.272727272727273,0.555555555555556,0,0.2
"alliance-data-systems-corp",0.454545454545455,1.54545454545455,3.33333333333333,0.833333333333333,0.2
"allianz",1.63636363636364,1.81818181818182,1,1,1.4
"allstate",2.72727272727273,2,3.33333333333333,1.33333333333333,1.8
"ally-financial",1.36363636363636,1.27272727272727,4,1.33333333333333,1.2
"alphabet",1.45454545454545,1.45454545454545,2,1.5,1.4
"altria-group",1.54545454545455,2.27272727272727,1.77777777777778,2.16666666666667,1.4
"amazon",0.363636363636364,2,3.44444444444444,0.333333333333333,1.2
"ameren-corporation",1.27272727272727,1,2.88888888888889,0,1.2
"american-airlines",0.636363636363636,1.72727272727273,2.77777777777778,1,0.8
"american-electric-power-company",2.54545454545455,1.18181818181818,3.22222222222222,1,1.8
"american-express",1.72727272727273,1.90909090909091,1.77777777777778,1.66666666666667,2.2
"american-family-insurance-group",1.36363636363636,0.181818181818182,0.888888888888889,0,0
"american-financial-group",0.0909090909090909,0.0909090909090909,1.11111111111111,0.166666666666667,0.4
"ameriprise-financial",2.27272727272727,1.45454545454545,3.22222222222222,1.83333333333333,2
"amerisourcebergen",1.45454545454545,1.45454545454545,1.77777777777778,1.5,1.2
"amgen",1.09090909090909,1,1.88888888888889,0.666666666666667,0
"amphenol-corporation",1.81818181818182,2.27272727272727,3.11111111111111,1.5,2.4
"anadarko",1.27272727272727,1.36363636363636,2.11111111111111,0,2.2
"anixter-international",0.727272727272727,0.545454545454545,3.11111111111111,0.833333333333333,0.8
"anthem",1,1,1.11111111111111,1,1.8
"apache",2.45454545454545,2.63636363636364,3.33333333333333,1.83333333333333,1.4
"apple",2.54545454545455,2.63636363636364,2.77777777777778,2.33333333333333,1.8
"applied-materials",1.72727272727273,3.45454545454545,3.44444444444444,2.16666666666667,0.6
"aramark",1.63636363636364,1.63636363636364,2.88888888888889,0.666666666666667,1.2
"archerdanielsmidland-company",1.09090909090909,1.63636363636364,3.55555555555556,1.66666666666667,2.8
"arrow-electronics",0.636363636363636,1.27272727272727,3,0.333333333333333,0.8
"arthur-j-gallagher--co",3,3.45454545454545,3.11111111111111,2.5,2.4
"asbury-automotive-group",2.63636363636364,2.36363636363636,2.55555555555556,2.16666666666667,1.8
"ashland",0.818181818181818,1.18181818181818,2.11111111111111,0.833333333333333,1.4
"assurant",2.18181818181818,1.45454545454545,3,1.33333333333333,0
"att",1.36363636363636,0.636363636363636,1.11111111111111,1,0.6
"audi",2.81818181818182,2.90909090909091,2.66666666666667,3,3.2
"autoliv",3.09090909090909,2.81818181818182,3.44444444444444,2.16666666666667,0.4
"autonation",2.27272727272727,2,2.88888888888889,2.66666666666667,2.4
"autoowners-insurance-group",2.54545454545455,1.54545454545455,2.66666666666667,0.833333333333333,1.6
"autozone",0.909090909090909,0.818181818181818,1.88888888888889,0.166666666666667,2
"avery-dennison-corporation",1.45454545454545,0.363636363636364,3.33333333333333,0,3.4
"avis-budget-group",1.81818181818182,1.27272727272727,2.33333333333333,1,1.2
"avnet",1.09090909090909,0.818181818181818,2.22222222222222,0.333333333333333,0.6
"avon",2.09090909090909,2.09090909090909,2.11111111111111,2,0.8
"bacardi",0.727272727272727,0.909090909090909,0.222222222222222,0.833333333333333,0
"baker-hughes",3.27272727272727,3,3.55555555555556,3.33333333333333,3.2
"ball-corp",3.09090909090909,3.45454545454545,2.88888888888889,2.33333333333333,0.8
"bank-of-america",0.727272727272727,0.636363636363636,2.22222222222222,0.5,0.6
"barnes-noble",1.81818181818182,1.18181818181818,1.88888888888889,0.333333333333333,0.4
"baxalta-incorporated",2.72727272727273,3.18181818181818,3.11111111111111,1.16666666666667,1.4
"baxter-international",0.0909090909090909,0.181818181818182,1.33333333333333,0,0
"bbt",1.90909090909091,1.45454545454545,2.66666666666667,1.5,1
"bcg",1,1.72727272727273,3,1.33333333333333,0.8
"becton-dickinson-and-company",1.81818181818182,3,3.66666666666667,3.5,0.6
"bed-bath-and-beyond",3.45454545454545,3.09090909090909,3.44444444444444,3,1.2
"best-buy",2.36363636363636,2.81818181818182,3.22222222222222,1.83333333333333,1.4
"big-lots",3,2.18181818181818,1.33333333333333,1.33333333333333,0.8
"biogen-idec-inc",2.09090909090909,3.63636363636364,3.22222222222222,1.5,0.4
"black-and-decker",2.09090909090909,1.27272727272727,1.77777777777778,0.5,1.4
"blackrock",3.36363636363636,2.18181818181818,3.44444444444444,2.33333333333333,1.8
"blackstone",2,1.81818181818182,1.33333333333333,2,1.8
"bmw",0.272727272727273,0.545454545454545,0.666666666666667,1.66666666666667,0
"bnsf-railway",3.27272727272727,2.54545454545455,3.11111111111111,1.83333333333333,2.4
"boeing",2.54545454545455,2.63636363636364,3.66666666666667,2,2.4
"bond-street",0.727272727272727,0.909090909090909,2.77777777777778,1.5,0.6
"booking",2.72727272727273,3.36363636363636,3.66666666666667,3.16666666666667,1.4
"booz-allen-hamilton-holding-corp",3.18181818181818,2.63636363636364,3.44444444444444,2.66666666666667,2.2
"borgwarner-inc",2,1.54545454545455,3,0.833333333333333,2.8
"boston-scientific-corp",1.72727272727273,3.27272727272727,2.88888888888889,1.66666666666667,0.4
"bristol-myers-squibb",1.63636363636364,2.54545454545455,3.44444444444444,1,1.2
"broadcom",2.18181818181818,2.27272727272727,2.88888888888889,2.33333333333333,2.2
"budweiser",2.36363636363636,2.81818181818182,2.55555555555556,2.66666666666667,2.6
"buick",1.90909090909091,2.81818181818182,3.11111111111111,2,2.4
"burberry",3.54545454545455,4,3.88888888888889,4,4
"burger-king",2.27272727272727,1.63636363636364,3.11111111111111,1.33333333333333,0
"burlington-stores",2.81818181818182,2.54545454545455,2.88888888888889,2.83333333333333,0.8
"cabelas-inc",2.81818181818182,2.36363636363636,2.44444444444444,1.5,3.8
"cablevision-systems-corporation",2.72727272727273,0.818181818181818,2.77777777777778,0.833333333333333,0.8
"cadbury",2.45454545454545,2.18181818181818,2.22222222222222,2.16666666666667,0.4
"cadillac",2.63636363636364,2.72727272727273,3.11111111111111,2.83333333333333,2
"calpine-corporation",1.45454545454545,1.81818181818182,2.33333333333333,0,0.8
"calvin-klein",0.454545454545455,1.45454545454545,0.666666666666667,2.16666666666667,0.8
"camel",0.818181818181818,0.454545454545455,0.777777777777778,0.666666666666667,0.6
"cameron-international-corporation",2.36363636363636,2.36363636363636,2.22222222222222,2.16666666666667,2.2
"campbells",1.72727272727273,0,1.11111111111111,0,0
"canon",0.363636363636364,0.545454545454545,1.11111111111111,0.166666666666667,0
"capital-one",2.63636363636364,2.18181818181818,2.88888888888889,1.66666666666667,1.8
"cardinal-health",0.909090909090909,0.545454545454545,1.22222222222222,0,0
"carefree",1.81818181818182,0.727272727272727,3.55555555555556,0.666666666666667,0.2
"carmax",3.36363636363636,2.36363636363636,3.11111111111111,1.66666666666667,0.8
"carrier",1.36363636363636,1.09090909090909,2.22222222222222,1.16666666666667,0.8
"cartier",1.72727272727273,2.09090909090909,2.55555555555556,3,0.4
"caseys-general",3,1.18181818181818,1.66666666666667,0.666666666666667,2
"caterpillar",2.72727272727273,2.72727272727273,3,2,3.4
"cbi",2.54545454545455,2.54545454545455,4,1.33333333333333,0
"cbre",2.18181818181818,2.18181818181818,3,1.83333333333333,1
"cbs",2.09090909090909,2.54545454545455,3,1.83333333333333,0.6
"cdw-corporation",2.27272727272727,2.72727272727273,3.22222222222222,1.66666666666667,1
"celanese-corporation",1.09090909090909,2.72727272727273,3.55555555555556,1.5,1.6
"celgene",0.454545454545455,1.36363636363636,2.77777777777778,0.5,0
"centene-corporation",1.45454545454545,2.90909090909091,3.55555555555556,0.666666666666667,0.8
"centerpoint-energy",2.36363636363636,0.818181818181818,2.88888888888889,0.333333333333333,0.8
"centurylink",3,3,3,3,2.6
"cerner-corp",0.0909090909090909,0.545454545454545,1.22222222222222,0,0
"ch-robinson",2.18181818181818,1.09090909090909,3.55555555555556,0,3.2
"ch2m-hill-companies",1.09090909090909,2.63636363636364,2.44444444444444,1.83333333333333,0.6
"charles-schwab",1.54545454545455,0.727272727272727,2.77777777777778,0.5,0
"charter-communications",1.45454545454545,0.909090909090909,1.11111111111111,0.833333333333333,1.6
"chase",1.09090909090909,2,3.88888888888889,1.5,0.6
"chesapeake-energy-corporation",2.18181818181818,2.18181818181818,3.66666666666667,1.16666666666667,2.4
"chesterfield",2.27272727272727,2.54545454545455,2.22222222222222,2.5,0.6
"chevron",2.54545454545455,2.54545454545455,2.88888888888889,1.5,2.8
"chipotle-mexican",2.90909090909091,3.18181818181818,2.33333333333333,1.83333333333333,2.8
"chs",1.90909090909091,1.81818181818182,3,1,3.2
"chubb",0.454545454545455,0.272727272727273,0,0,0.2
"cigna",0.363636363636364,1,0.888888888888889,0.833333333333333,0.8
"cincinnati-financial-corporation",2.27272727272727,1.54545454545455,2.11111111111111,1.16666666666667,0.8
"cinemark",1.72727272727273,1.81818181818182,1.77777777777778,1.33333333333333,1.2
"cintas-corp",1.72727272727273,1.81818181818182,2,1.33333333333333,2.4
"cisco",0.181818181818182,0.272727272727273,2.77777777777778,0.5,0.6
"citi",1.81818181818182,1.72727272727273,3,1.83333333333333,1
"citizens",2.90909090909091,2.63636363636364,3,2.66666666666667,1.6
"clinique",1.90909090909091,1.81818181818182,2,3.16666666666667,0.6
"clorox",2,1,2.77777777777778,0.833333333333333,0.4
"cme",1.45454545454545,1.81818181818182,4,1.33333333333333,0
"cms-energy-corporation",1.90909090909091,1.63636363636364,3.11111111111111,0.666666666666667,2.2
"coach",2.18181818181818,2.90909090909091,3.33333333333333,3.83333333333333,0.4
"coca-cola",3.27272727272727,3.72727272727273,3.22222222222222,2.5,1.2
"cognizant",0,0.909090909090909,2.88888888888889,0.666666666666667,0
"colgate",2.54545454545455,0.909090909090909,2.88888888888889,0.166666666666667,0
"comcast-corporation",0.727272727272727,0.727272727272727,2.33333333333333,1.16666666666667,0.4
"commercial-metals-company",1.63636363636364,1.54545454545455,1.55555555555556,1.33333333333333,1.6
"community-health-systems",1.63636363636364,0.363636363636364,1.88888888888889,0.333333333333333,0
"conagra-foods",0.636363636363636,0.454545454545455,2.33333333333333,0,0.6
"conocophillips",1.90909090909091,2,3,1.33333333333333,2.8
"cons-edison-inc",0.636363636363636,1.54545454545455,3,0.166666666666667,1
"constellation-brands",3.45454545454545,3.36363636363636,3.66666666666667,3.16666666666667,1.8
"coors",2.36363636363636,2.90909090909091,3.11111111111111,2,3.8
"coremark-holding-company",0.636363636363636,0.454545454545455,1.33333333333333,0,0
"corning",1.90909090909091,2.18181818181818,2,2,1.4
"costco",2.81818181818182,2,2.55555555555556,1.16666666666667,1.6
"courtyard",3,2.72727272727273,3.66666666666667,2.16666666666667,1.6
"crown-holdings-inc",2.18181818181818,2.09090909090909,3.11111111111111,1.16666666666667,0
"csc",2.09090909090909,2.54545454545455,4,2,0.6
"cst-brands",1.63636363636364,2,2.55555555555556,1.66666666666667,2
"csx",3.18181818181818,1.72727272727273,2.88888888888889,1.5,3.8
"cummins",0.909090909090909,0.545454545454545,1.22222222222222,0,2.4
"cvs",1.90909090909091,1.36363636363636,2.33333333333333,0.666666666666667,0
"dana-holding-corporation",0.454545454545455,0.545454545454545,1.77777777777778,0.166666666666667,0.8
"danaher",1.27272727272727,1,3.33333333333333,1,2.2
"danone",1.54545454545455,2,1,0.5,0
"darden-restaurants",2.27272727272727,2.45454545454545,2.22222222222222,2.16666666666667,1.8
"davita-healthcar",0.545454545454545,0,1.55555555555556,0,0
"dean-foods-company",1.72727272727273,1.36363636363636,2.66666666666667,1,2.2
"deere--company",2.45454545454545,2.27272727272727,2.55555555555556,1.66666666666667,3
"dell",3.27272727272727,3.18181818181818,3.55555555555556,2.5,1.8
"deloitte",2.27272727272727,3.54545454545455,3.44444444444444,2.33333333333333,0.4
"delta",2.63636363636364,2,3.77777777777778,1.5,0.6
"devon",2,1.72727272727273,2.77777777777778,1.5,1.2
"dhl",2.09090909090909,1.72727272727273,2.33333333333333,1.66666666666667,1.8
"dicks-sporting",2.27272727272727,2.09090909090909,2.44444444444444,1.16666666666667,3
"dillards",2.63636363636364,2.54545454545455,2.22222222222222,2.16666666666667,0.4
"dior",0.818181818181818,2.90909090909091,1.22222222222222,3.66666666666667,0
"directv",1.72727272727273,2.27272727272727,2.88888888888889,1.33333333333333,0.8
"discover",1.81818181818182,0.727272727272727,4,1.33333333333333,0
"discovery-media",1.54545454545455,2.09090909090909,1.77777777777778,1.66666666666667,0
"dish-networks",2.09090909090909,2.36363636363636,3.22222222222222,1.16666666666667,2.2
"disney",3.09090909090909,3.45454545454545,3.66666666666667,3,0.8
"dollar-general",2.36363636363636,0.545454545454545,2,1.16666666666667,1
"dollar-tree",2.81818181818182,2.81818181818182,2.33333333333333,2.33333333333333,2.6
"dominion",1.09090909090909,1.09090909090909,3.55555555555556,0.333333333333333,0.6
"dominos-pizza",2.18181818181818,1.36363636363636,1.88888888888889,1,1.4
"domtar-corporation",2.54545454545455,0.818181818181818,2.11111111111111,0.5,2.2
"doritos-tortilla-chips",2.54545454545455,2.63636363636364,1.66666666666667,1.16666666666667,2.6
"doubletree",3.27272727272727,1.09090909090909,3.55555555555556,1.33333333333333,0
"dover-corporation",2.90909090909091,1.09090909090909,4,2,1.6
"dow",0,0,0.333333333333333,0,0
"dr-horton",2.63636363636364,2.54545454545455,3.22222222222222,2,1.8
"dr-pepper",2.18181818181818,2.54545454545455,2,1.5,0.6
"dte-energy-co",0.818181818181818,0.272727272727273,1.33333333333333,0,0.2
"du-pont",0.909090909090909,0.181818181818182,2.44444444444444,0,0.4
"duke-energy",3.63636363636364,3.81818181818182,3.66666666666667,3.16666666666667,1.2
"eastman-chemical-company",0.454545454545455,0.181818181818182,1.44444444444444,0,0.4
"eaton",1.90909090909091,1.09090909090909,3.66666666666667,0,2.4
"ebay",2.45454545454545,2.36363636363636,0.666666666666667,0.833333333333333,0
"ecolab-inc",2.36363636363636,2,2.22222222222222,2,2.2
"edison-international",1,0.636363636363636,3.22222222222222,1,0.6
"electronic-arts",2.63636363636364,3.54545454545455,3.55555555555556,2.66666666666667,2.4
"eli-lilly-and-company",0.909090909090909,1.27272727272727,3.11111111111111,0.333333333333333,0
"emc-corporation",1.45454545454545,2.09090909090909,2.88888888888889,1.33333333333333,0
"emc2",1.36363636363636,1.27272727272727,2.44444444444444,1.16666666666667,2.8
"emcor-group",1.36363636363636,1,3,0.5,1.4
"emerson",1.36363636363636,0.545454545454545,2.33333333333333,0.166666666666667,1.2
"energy-future-holdings-corp",2,2.09090909090909,2.22222222222222,1.5,2.4
"energy-transfer-equity",0.636363636363636,0.909090909090909,2.22222222222222,0,1
"entergy",0.727272727272727,0.909090909090909,2.66666666666667,0.666666666666667,2
"enterprise",2,1.72727272727273,3.55555555555556,1,0.8
"envision-healthcare-holdings",3.18181818181818,2.27272727272727,3.77777777777778,2.5,2
"eog-resources",1.45454545454545,1.18181818181818,3,1.16666666666667,3.6
"equinix",0.818181818181818,0.727272727272727,0.444444444444444,0.666666666666667,0.6
"erie-insurance-group",1,0.454545454545455,1.88888888888889,1,2
"espn",1.45454545454545,2.36363636363636,2.11111111111111,1.33333333333333,1.8
"essendant",0.727272727272727,0.727272727272727,2,0.166666666666667,0.2
"esso",0.727272727272727,0.181818181818182,1.55555555555556,0,1
"estee-lauder",2.09090909090909,3.09090909090909,2.88888888888889,3.83333333333333,0.2
"eversource-energy",0.636363636363636,0.727272727272727,1.33333333333333,0.166666666666667,0.4
"exelon",1.45454545454545,2.18181818181818,3.55555555555556,2,2.2
"expedia",2.45454545454545,2.54545454545455,2.77777777777778,1.5,1.8
"expeditors-international-of-washington",0.818181818181818,0.636363636363636,1.77777777777778,0.166666666666667,1.2
"express-scripts",2.36363636363636,1.81818181818182,2.77777777777778,0.833333333333333,0
"exxonmobil",1.18181818181818,2.36363636363636,3.55555555555556,1.5,3.4
"facebook",0,0.818181818181818,0.888888888888889,0,0
"family-dollar",1,0.454545454545455,1.55555555555556,0.666666666666667,0.4
"fannie-mae",0.636363636363636,0.363636363636364,1,1,0.6
"fanta",3.54545454545455,3.27272727272727,3,2.5,1
"farmers-insurance-exchange",3,0.545454545454545,2.55555555555556,0.166666666666667,2
"fastenal-co",2.09090909090909,1,2.44444444444444,1,0.6
"fedex",1.72727272727273,1.27272727272727,1.77777777777778,0.833333333333333,0.8
"fidelity-national",0.363636363636364,0.272727272727273,1,0,0
"fifth-third-bank",2.54545454545455,2,3,1.66666666666667,0
"first-american-financial-corporation",1.63636363636364,1.09090909090909,3.55555555555556,0.666666666666667,0.4
"first-data-corp",0,0,0.777777777777778,0,0
"firstenergy-corp",0.727272727272727,0.181818181818182,1.88888888888889,0,0.4
"fiserv-inc",1.18181818181818,1.90909090909091,1,1.33333333333333,0.8
"florida-power-and-light",2.09090909090909,1.45454545454545,2.66666666666667,1.16666666666667,2.6
"flowers-foods",3.27272727272727,1.81818181818182,3.55555555555556,0.666666666666667,0.8
"fluor",1.45454545454545,2,3,1.5,1
"fmc-technologies",0,0,1.55555555555556,0,0
"folgers",2.36363636363636,1.27272727272727,2.88888888888889,0.833333333333333,2
"food-4-less",3.27272727272727,4,4,3.33333333333333,2.4
"foot-locker",1.81818181818182,2.54545454545455,4,0.666666666666667,0
"ford",1.09090909090909,0.272727272727273,1.66666666666667,0.333333333333333,2
"fossil",1,2,1.66666666666667,1.5,2
"fox",0.454545454545455,1.27272727272727,2.66666666666667,0.5,0
"franklin-templeton-investments",1.18181818181818,1.72727272727273,3.22222222222222,1,0.8
"freddie-mac",1.90909090909091,1.90909090909091,2.77777777777778,1.5,1.2
"freeport-mcmoran",2.81818181818182,2.45454545454545,2.88888888888889,2.33333333333333,1.8
"frontier",1.45454545454545,1.45454545454545,4,0,0.8
"gamestop",2.36363636363636,3.27272727272727,3.44444444444444,1.66666666666667,1.2
"gap",2.45454545454545,2.63636363636364,3.22222222222222,1.83333333333333,1.2
"garmin",3.09090909090909,2.72727272727273,4,2,2.6
"gatorade",2.72727272727273,3.09090909090909,3.22222222222222,2.33333333333333,2.8
"ge",2.27272727272727,1.90909090909091,3.77777777777778,1.83333333333333,2.4
"geico",1.54545454545455,0.909090909090909,3.11111111111111,0.166666666666667,0.6
"general-dynamics",2.90909090909091,3.63636363636364,3.55555555555556,2,2.8
"general-mills",2.90909090909091,1.09090909090909,2.66666666666667,1.83333333333333,1.8
"general-motors",2.18181818181818,2.09090909090909,2.88888888888889,1.33333333333333,3.4
"gilead-sciences",1.45454545454545,1.63636363636364,1.44444444444444,1.16666666666667,1.6
"gillette",3.27272727272727,3.18181818181818,3.11111111111111,3.16666666666667,3.4
"global-partners-lp",2.09090909090909,1.81818181818182,2.44444444444444,1.33333333333333,0.8
"gmc",3,2.18181818181818,3.66666666666667,2,1.8
"goldman-sachs",0.909090909090909,1.54545454545455,2.88888888888889,1.33333333333333,1.4
"goodyear",0,0,1.33333333333333,0,1.2
"google",2,3.45454545454545,3.88888888888889,2.16666666666667,1.2
"graybar-electric-company",1.81818181818182,0.181818181818182,3.44444444444444,0.666666666666667,1.4
"grey-goose",0.363636363636364,0.636363636363636,0.666666666666667,0.833333333333333,0.4
"group-1-automotive",1.45454545454545,1.54545454545455,1.22222222222222,1.16666666666667,1.2
"guardian-life-ins-co-of-america",1.54545454545455,1.45454545454545,2.88888888888889,1.83333333333333,1.4
"gucci",0.363636363636364,1.45454545454545,1,2.33333333333333,0
"halliburton",2.09090909090909,2.36363636363636,2.44444444444444,1.83333333333333,2.2
"hanesbrands",2.72727272727273,2.90909090909091,2.55555555555556,2.33333333333333,2.6
"harley-davidson",2.81818181818182,2.72727272727273,3,2.66666666666667,3.2
"harman-international-industries",1.36363636363636,3.45454545454545,2.55555555555556,1,0.6
"harman-intl",2.63636363636364,3.09090909090909,3.66666666666667,2.33333333333333,2.6
"harris-corp",0.818181818181818,0.363636363636364,2.88888888888889,0.333333333333333,1.8
"hbo",2.36363636363636,3.36363636363636,3.66666666666667,1.16666666666667,0
"hca-holdings",3,2.36363636363636,3.33333333333333,1.83333333333333,1.2
"hcl-technologies",3.27272727272727,4,4,3.33333333333333,2.4
"hd-supply",2.63636363636364,1.45454545454545,3.11111111111111,0.5,2.8
"health-net-inc",1.45454545454545,0.909090909090909,1.33333333333333,1,1.2
"heineken",0.727272727272727,0.272727272727273,1,0.833333333333333,0
"heinz",2.36363636363636,2.18181818181818,2.77777777777778,2.16666666666667,2.4
"henry-schein-inc",1.63636363636364,0.909090909090909,3.77777777777778,1.33333333333333,2
"hermes",0.909090909090909,1.18181818181818,0.888888888888889,1.16666666666667,0.6
"hersheys",2.36363636363636,0.272727272727273,1.33333333333333,0.666666666666667,0
"hertz",2,1.90909090909091,3.44444444444444,1.5,2
"hess",1.27272727272727,0.363636363636364,3,0.166666666666667,3
"hilton",0,0.454545454545455,1.22222222222222,1.33333333333333,0
"hm",3.27272727272727,3.63636363636364,2.88888888888889,2.66666666666667,0.4
"hollyfrontier-corporation",1.90909090909091,2,2.11111111111111,1.5,0.6
"honda",0.909090909090909,0.909090909090909,1.88888888888889,1.5,0.4
"hormel",2.54545454545455,1.09090909090909,4,0.666666666666667,0
"host-hotels-and-resorts",2.09090909090909,1.63636363636364,2.77777777777778,2.33333333333333,1
"hp",1.36363636363636,2.81818181818182,3.77777777777778,1,0.4
"hp-enterprise",1.54545454545455,2.45454545454545,3.55555555555556,1.16666666666667,0.8
"hrg-group",2.63636363636364,2.45454545454545,3,2.16666666666667,0.4
"hsbc",0.181818181818182,0.0909090909090909,0.777777777777778,0.166666666666667,0
"humana-inc",2.09090909090909,1.90909090909091,2.33333333333333,0.666666666666667,0.4
"huntington-ingalls-industries",1.90909090909091,3.09090909090909,3.77777777777778,2.16666666666667,2.6
"huntsman-corporation",2.54545454545455,2.27272727272727,2.66666666666667,2.66666666666667,2.8
"hyatt",1.72727272727273,1.45454545454545,2.88888888888889,0.166666666666667,0
"hyatt-regency",2.90909090909091,2.54545454545455,4,0.666666666666667,0
"hyundai",0.727272727272727,1.54545454545455,2.77777777777778,1,0
"ibm",2,2.54545454545455,2.33333333333333,2.16666666666667,1.6
"icahn-enterprises-lp",0.272727272727273,0.363636363636364,1.11111111111111,0,0.4
"iheartmedia",2.63636363636364,3,3,2.16666666666667,1
"ikea",1.18181818181818,2,1.77777777777778,1,0
"illinois-tool-works",2.27272727272727,2.72727272727273,3.77777777777778,1.83333333333333,2.4
"infosys",1.18181818181818,1.18181818181818,3.22222222222222,0.833333333333333,1.6
"ingersoll-rand",0.545454545454545,0.727272727272727,3.33333333333333,0.666666666666667,1.4
"ingram-micro",1.90909090909091,2.72727272727273,3,2.16666666666667,0
"ingredion-incorporated",0.909090909090909,0.818181818181818,1.44444444444444,0,0.6
"insight-enterprises",1.81818181818182,1.81818181818182,3.55555555555556,2,0
"intel",1.36363636363636,2.63636363636364,3.66666666666667,1.16666666666667,0.4
"international-paper",2.54545454545455,1.72727272727273,4,1.33333333333333,2.4
"intl-fcstone",2,2.09090909090909,3.11111111111111,2.5,1.4
"invesco",1.36363636363636,1,2.33333333333333,1,2.4
"iron-mountain-inc",1.27272727272727,2.54545454545455,4,2.33333333333333,2.4
"jabil",1,2.45454545454545,2.66666666666667,1,1
"jack-daniels",2.18181818181818,2.36363636363636,2.77777777777778,2,2.6
"jack-in-the-box",2.63636363636364,2.63636363636364,2.77777777777778,1.66666666666667,2.4
"jacobs-engineering",2,1.09090909090909,3.33333333333333,0.833333333333333,0.6
"jarden-corporation",2.45454545454545,1.72727272727273,2.88888888888889,1.83333333333333,3.2
"jb-hunt-transport-services",1.63636363636364,1.36363636363636,2.55555555555556,1.33333333333333,2.6
"jc-penney",3.45454545454545,2.81818181818182,3.88888888888889,2.5,1.6
"jetblue-airways-corporation",3.72727272727273,3.18181818181818,4,3.66666666666667,3.4
"jm-smucker",2.54545454545455,2.36363636363636,2,2.16666666666667,2.2
"john-hancock",2.81818181818182,2.09090909090909,2.77777777777778,2,2.2
"johnnie-walker",1.81818181818182,1.81818181818182,4,2,3.2
"johnson-controls",2.45454545454545,3,2.44444444444444,2,1.8
"johnson-johnson",0.727272727272727,0.0909090909090909,1.66666666666667,0.666666666666667,0
"johnsons",3,1.18181818181818,3.33333333333333,1.16666666666667,0.4
"jones-lang-lasalle-incorporated",2.45454545454545,2.18181818181818,3.88888888888889,2,1.2
"jp-morgan",1.90909090909091,1.81818181818182,2.11111111111111,1.16666666666667,0.4
"kelloggs",3.18181818181818,2.36363636363636,2.11111111111111,0.5,0
"kelly-services",2.81818181818182,2.54545454545455,2.88888888888889,2.16666666666667,2
"kenworth",1.90909090909091,1.90909090909091,2.88888888888889,1.5,2.2
"keycorp",2.63636363636364,2.27272727272727,2.88888888888889,1.5,0
"kfc",3.54545454545455,1,2.66666666666667,0.833333333333333,0
"kia",2.27272727272727,2.54545454545455,2.55555555555556,1.66666666666667,0
"kimberlyclark-corporation",1.27272727272727,0.363636363636364,1.88888888888889,0.666666666666667,0
"kindred-healthcare",3.36363636363636,2.63636363636364,3.11111111111111,2.66666666666667,0.8
"kitchenaid",0.636363636363636,0.909090909090909,1.66666666666667,0.333333333333333,0
"kkr",0.454545454545455,1.36363636363636,2.66666666666667,1.16666666666667,0.6
"kohls",1.27272727272727,1,2,1.33333333333333,0.6
"kraft",1.81818181818182,1.63636363636364,1.66666666666667,1.16666666666667,1.2
"kroger",1.36363636363636,0.272727272727273,2.55555555555556,0.333333333333333,0.8
"l-brands",2,3.54545454545455,1.88888888888889,3.83333333333333,1.2
"l3-communications-holdings",1.81818181818182,2.18181818181818,3.33333333333333,1.66666666666667,2.4
"laboratory-corp-of-america",1.27272727272727,1.18181818181818,2.77777777777778,0,0.6
"lam-research-corporation",1.18181818181818,1.72727272727273,3.77777777777778,0,0
"land-olakes",3,2.90909090909091,3,3,3
"landrover",3.18181818181818,3.81818181818182,3.33333333333333,2.83333333333333,3.6
"lansing-trade-group",0.909090909090909,1.72727272727273,2.11111111111111,1.33333333333333,1.2
"las-vegas-sands",1.72727272727273,2.54545454545455,3.88888888888889,2,0
"lawson-software",1.81818181818182,2,2.88888888888889,1.33333333333333,0.6
"lear-corporation",2.36363636363636,2.81818181818182,3.66666666666667,1.16666666666667,2.4
"lee",3.18181818181818,1.90909090909091,3.11111111111111,2,3.2
"lego",3.09090909090909,2.81818181818182,2.88888888888889,2,1.8
"lennar",2,0.363636363636364,3,1.16666666666667,3.6
"lenovo",2,2.54545454545455,3.88888888888889,1.16666666666667,0.4
"leucadia-national-corporation",0.818181818181818,0.363636363636364,2.11111111111111,0.333333333333333,1.6
"level-3",0.909090909090909,1.18181818181818,3.22222222222222,0.333333333333333,0.8
"levis",1.45454545454545,2.09090909090909,2,1,0
"liberty-interactive-corporation",2.36363636363636,2.27272727272727,1.88888888888889,2.5,1
"liberty-mutual-holding-company",2.45454545454545,2.72727272727273,3.44444444444444,1.66666666666667,1.4
"lifepoint-health",1.27272727272727,0.181818181818182,1.11111111111111,0,0.4
"lilly",0.909090909090909,0.363636363636364,1.33333333333333,0,0
"lincoln",2,2.63636363636364,3.33333333333333,3.5,0.8
"linkedin",1,1.45454545454545,2.22222222222222,1.16666666666667,0.8
"listerine",3.09090909090909,3.36363636363636,3.22222222222222,2.5,2
"lithia-motors",3.72727272727273,3.72727272727273,3.55555555555556,3,2.8
"live-nation-entertainment",2.27272727272727,2.81818181818182,3.44444444444444,1.83333333333333,0.4
"lkq-corporation",2.54545454545455,2.36363636363636,2.22222222222222,2.83333333333333,1.8
"lm",1.45454545454545,1.18181818181818,2,0.833333333333333,1.8
"lockheed-martin",1.45454545454545,1.63636363636364,NA,1.66666666666667,2
"loews-corporation",0.363636363636364,0.454545454545455,3,0.166666666666667,0
"loreal",0.909090909090909,2.63636363636364,3,2.33333333333333,0.4
"louis-vuitton",1.45454545454545,3.81818181818182,2.11111111111111,3.66666666666667,1.8
"lowes",2.81818181818182,0.909090909090909,1.44444444444444,0.833333333333333,2.6
"lyondellbasell",1.90909090909091,2.27272727272727,2.88888888888889,1.66666666666667,2.4
"mac",0.454545454545455,1.54545454545455,1.11111111111111,1,0
"macys",3.54545454545455,3.63636363636364,3.55555555555556,3.66666666666667,3
"marathon-petroleum",2.18181818181818,1.72727272727273,1.88888888888889,1.83333333333333,0.6
"markel-corporation",2.36363636363636,1.36363636363636,3,1.16666666666667,0
"marriott",2.45454545454545,2.63636363636364,3.44444444444444,2.66666666666667,1
"mars",3.09090909090909,1.18181818181818,3.22222222222222,2.16666666666667,1
"marshalls",2.81818181818182,1.45454545454545,2,1.16666666666667,1.8
"masco",3.54545454545455,3.45454545454545,3.33333333333333,2.16666666666667,2.4
"massachusetts-mutual-life-insurance-company",1.63636363636364,1.36363636363636,2.77777777777778,1.83333333333333,1
"mastercard",1.90909090909091,0.818181818181818,3.44444444444444,0.666666666666667,0.4
"mattel",2.81818181818182,3,3.22222222222222,1.16666666666667,1
"max-factor",2.09090909090909,2.54545454545455,2.44444444444444,2.66666666666667,0.4
"maytag",0.363636363636364,1,2.33333333333333,0,0
"mccormick",2.90909090909091,1.45454545454545,3.55555555555556,1.33333333333333,0.8
"mcdonalds",0,0,0,0,0.8
"mckesson",2.54545454545455,3,2.88888888888889,2.33333333333333,2.4
"mckinsey",0.727272727272727,1.27272727272727,2.77777777777778,1.5,1
"mclane-company",2.81818181818182,1.63636363636364,3.11111111111111,2.16666666666667,2.2
"medtronic",0,0,2.22222222222222,0,0
"mercedes-benz",2.72727272727273,3.72727272727273,3.77777777777778,3.5,2.2
"merck",1.18181818181818,1.45454545454545,2.22222222222222,0.833333333333333,0.4
"metlife",2.45454545454545,2.54545454545455,2.33333333333333,1.83333333333333,2.2
"mgm-resorts-international",1.36363636363636,2.90909090909091,3.55555555555556,2.66666666666667,1.2
"michael-kors",1,2.72727272727273,2.11111111111111,3,0.2
"michaels",3.09090909090909,3.54545454545455,3.22222222222222,2.16666666666667,1.4
"micron-technology",0.636363636363636,0.363636363636364,1.88888888888889,0.166666666666667,0
"microsoft",1.27272727272727,1.81818181818182,2.88888888888889,1,0.6
"mini",0.818181818181818,1.45454545454545,1.33333333333333,1,0.4
"minute-maid",1.90909090909091,2,1.88888888888889,2,1.4
"mobil",1.45454545454545,1.45454545454545,4,0.666666666666667,3.2
"moet",2.18181818181818,3.27272727272727,3.11111111111111,2,0.6
"mohawk-industries",2.45454545454545,2.54545454545455,2.77777777777778,3.16666666666667,2.4
"molina-healthcare",1.90909090909091,0.818181818181818,2.55555555555556,1.66666666666667,1.8
"mondelez-international",2.27272727272727,3,3.22222222222222,1.33333333333333,0.2
"monsanto-company",0.181818181818182,0.636363636363636,2.66666666666667,0,0.2
"monster-beverage",1.27272727272727,2.63636363636364,1.88888888888889,1.33333333333333,3
"moodys",1.45454545454545,1.27272727272727,2.88888888888889,1,0.8
"morgan-stanley",0.636363636363636,1.45454545454545,3.22222222222222,0.666666666666667,0.6
"mosaic",3,3.72727272727273,3.33333333333333,1.5,1.6
"motorola",2,2.54545454545455,3.33333333333333,1.16666666666667,3.6
"mountain-dew",1.63636363636364,2.36363636363636,1.66666666666667,1.83333333333333,2.8
"mt-bank",1.54545454545455,1.36363636363636,2.44444444444444,0.5,0
"mtv",0.454545454545455,2.90909090909091,0.777777777777778,0.833333333333333,0.6
"murphy-usa",3.36363636363636,1.09090909090909,1.77777777777778,0.833333333333333,0.8
"mutual-of-omaha-insurance-company",2.90909090909091,0,3.11111111111111,0,0
"national-oilwell-varco",0.909090909090909,0.818181818181818,2.44444444444444,0.166666666666667,3.6
"nationwide-mutual-insurance-co",2.63636363636364,0.636363636363636,2.88888888888889,0.333333333333333,1.6
"navient-corporation",2.81818181818182,2.54545454545455,3.77777777777778,1.33333333333333,1.8
"navistar-international-corporation",2.18181818181818,1.81818181818182,4,0.666666666666667,2.4
"nbc",1.27272727272727,0.636363636363636,1.33333333333333,0.833333333333333,0.6
"ncr-corporation",0.545454545454545,0.636363636363636,2.66666666666667,0.666666666666667,0
"nestle",2.27272727272727,2.09090909090909,2.66666666666667,1.83333333333333,1.6
"netapp",1.81818181818182,2.72727272727273,3.55555555555556,1,0.8
"netflix",2.63636363636364,3,3,2.33333333333333,1.8
"neutrogena",1,1,1.11111111111111,1.83333333333333,0
"new-york-life-insurance-company",1.18181818181818,1.54545454545455,2,1.66666666666667,0.8
"newell-brands",2.45454545454545,3.45454545454545,3.55555555555556,2.5,1.2
"newmont-mining-corporation",1.72727272727273,1.18181818181818,2.66666666666667,0.666666666666667,0.6
"newport",1.90909090909091,2.09090909090909,2.22222222222222,1.66666666666667,1.6
"news-corporation",0.545454545454545,1.54545454545455,2.55555555555556,1.16666666666667,0
"nextera-energy",1.18181818181818,1.63636363636364,3.11111111111111,1.16666666666667,1.2
"ngl-energy-partners-lp",1.63636363636364,1.45454545454545,2.55555555555556,1.33333333333333,2.4
"nielsen",2.63636363636364,2.54545454545455,3.11111111111111,2.66666666666667,2.4
"nike",3.63636363636364,4,4,4,4
"nisource",1.72727272727273,1.63636363636364,2.55555555555556,0.833333333333333,2.2
"nissan",1.81818181818182,1.81818181818182,3.33333333333333,1.16666666666667,0.4
"nordstrom",1.36363636363636,2.36363636363636,2.88888888888889,3.16666666666667,1.4
"norfolk",0,0.363636363636364,1.44444444444444,0,0.4
"northrop-grumman-corporation",1.18181818181818,1.54545454545455,1,0.666666666666667,1.6
"northwestern-mutual-life-insurance-company",2.90909090909091,1.45454545454545,3.55555555555556,0.666666666666667,0.8
"norwegian-cruise",2.45454545454545,2.45454545454545,2.55555555555556,2.33333333333333,1.6
"nrg-energy",1.54545454545455,2.18181818181818,3.11111111111111,1.33333333333333,1.8
"nucor-corporation",1.54545454545455,1.81818181818182,3.22222222222222,0,3.6
"nvidia",1.45454545454545,3.54545454545455,3.33333333333333,2.16666666666667,0.8
"nvr",2.27272727272727,1.36363636363636,3.44444444444444,0.833333333333333,1.2
"occidental-petroleum-corporation",1.72727272727273,1.90909090909091,3.44444444444444,0.666666666666667,3.6
"office-depot",0.545454545454545,0.636363636363636,0.555555555555556,0,0
"old-navy",2.45454545454545,1.45454545454545,2.11111111111111,1.5,0.8
"old-republic-international-corporation",0.0909090909090909,0,1.33333333333333,0,0.4
"omnicom-group",0.818181818181818,1.63636363636364,3.22222222222222,0.666666666666667,0
"oneok",0.454545454545455,0,1.77777777777778,0.166666666666667,2.4
"optumhealth",0.363636363636364,1,3,0.333333333333333,0.8
"oral-b",2.45454545454545,2.18181818181818,3.33333333333333,1.66666666666667,1.2
"oreilly-auto-parts",1.90909090909091,1.81818181818182,1.88888888888889,0.666666666666667,1
"oshkosh-corporation",1.27272727272727,2.18181818181818,3.44444444444444,1.5,1
"otis",1.36363636363636,1.90909090909091,1.33333333333333,2.83333333333333,1
"owens-corning",1.63636363636364,1.54545454545455,3.33333333333333,1.33333333333333,2.8
"owens-minor",1.54545454545455,2.18181818181818,2,1.16666666666667,1.6
"owensillinois",2,3.36363636363636,2.55555555555556,2.5,0.8
"p-and-g",1.81818181818182,0.818181818181818,2,0.333333333333333,0.4
"paccar-inc",3.09090909090909,3.18181818181818,3.11111111111111,3,3.4
"pacific-life",2.18181818181818,2.09090909090909,2.11111111111111,1.5,1.4
"packaging-corporation-of-america",0.636363636363636,0.363636363636364,1.11111111111111,0.166666666666667,1.4
"panasonic",2.18181818181818,2.72727272727273,3.22222222222222,2.83333333333333,2.6
"panera-bread",1.81818181818182,1.72727272727273,1.33333333333333,0.833333333333333,0.2
"paramount",1.90909090909091,2.27272727272727,2.88888888888889,1.83333333333333,0.6
"parker-hannifin",2.81818181818182,3.09090909090909,3.11111111111111,2.83333333333333,2.4
"parliament",1.81818181818182,2.09090909090909,2.22222222222222,1.66666666666667,0.4
"patterson-companies",2.36363636363636,2.09090909090909,3.22222222222222,2,0
"paypal",0.818181818181818,1.18181818181818,4,0,0.2
"pbf-energy",2.27272727272727,2.90909090909091,3.22222222222222,1.83333333333333,2.8
"peabody-energy-corporation",0.727272727272727,0.545454545454545,2.33333333333333,0,0
"penske-automotive-group",0.181818181818182,0.0909090909090909,1,0,0.6
"pepsi",2.09090909090909,2.45454545454545,3.33333333333333,1.66666666666667,0
"performance-food-group-company",0.636363636363636,0.0909090909090909,0.777777777777778,0,0
"petsmart",3.27272727272727,1.54545454545455,2.55555555555556,0.833333333333333,0.4
"pfizer",0.181818181818182,1,2.44444444444444,0,0
"pge",0.818181818181818,0.727272727272727,2.22222222222222,1,2.6
"philadelphia-insurance-companies",3.09090909090909,2.18181818181818,2.77777777777778,1.5,0
"philip-morris",1.36363636363636,0.545454545454545,2.33333333333333,0.5,1
"phillips",1.90909090909091,1.36363636363636,2.66666666666667,0.666666666666667,1
"pitney-bowes-inc",1.36363636363636,1.90909090909091,3.11111111111111,0.833333333333333,0
"pizza-hut",2.09090909090909,2,1.88888888888889,0.5,0.8
"plains-gp-holdings",0.909090909090909,1.63636363636364,2.55555555555556,1,1.6
"pnc",0.909090909090909,0.454545454545455,2.55555555555556,0.333333333333333,0.2
"polaris-inds",1.36363636363636,2.09090909090909,1.66666666666667,0.666666666666667,3.4
"porsche",1.18181818181818,3.18181818181818,3.22222222222222,3.33333333333333,1.8
"ppg",1.18181818181818,1.27272727272727,1.88888888888889,1.33333333333333,1
"ppl-corporation",0.818181818181818,0.454545454545455,2.77777777777778,0.666666666666667,1
"prada",1.18181818181818,2.09090909090909,2.22222222222222,2.66666666666667,0
"pratt-and-whitney",3.27272727272727,3,3.88888888888889,2.5,3.6
"praxair",0.818181818181818,1.72727272727273,2.77777777777778,0.166666666666667,1
"precision-castparts-corp",1.72727272727273,1.72727272727273,2,0.833333333333333,2
"priceline",1,1.63636363636364,1.66666666666667,0.333333333333333,0
"principal-financial-group",1.45454545454545,2.18181818181818,3.55555555555556,0.666666666666667,0.8
"progressive",2.27272727272727,2,2.66666666666667,1.5,1
"prudential",1,0.636363636363636,1.66666666666667,1,1.4
"pseg",3,1.27272727272727,3.44444444444444,1,1.2
"publix",2.72727272727273,2,2.55555555555556,1.66666666666667,1.4
"pultegroup",3.81818181818182,1.81818181818182,2.44444444444444,0.833333333333333,2
"purina",3.63636363636364,4,4,3.33333333333333,3.2
"pvh-corp",0.909090909090909,2.63636363636364,1.44444444444444,2.33333333333333,0.6
"quaker-foods-and-snacks",3.27272727272727,0.272727272727273,1.44444444444444,0.333333333333333,2
"qualcomm",3.45454545454545,2.72727272727273,3.55555555555556,2.5,2.2
"quanta-services-inc",3.09090909090909,3,3.44444444444444,2.83333333333333,2.2
"quest-diagnostic",2.36363636363636,2.18181818181818,3.11111111111111,1.83333333333333,0.6
"quintiles-transnational-holdings",3.63636363636364,4,4,4,4
"qvc",0.636363636363636,0.0909090909090909,1.11111111111111,1,0
"rackspace",0.909090909090909,1,1.11111111111111,1.16666666666667,0.8
"ralph-lauren",1.90909090909091,2.90909090909091,2,3,2
"ramada",2.18181818181818,1.45454545454545,3.11111111111111,0.166666666666667,0
"raymond-james",1.27272727272727,2,2.33333333333333,1.66666666666667,0.4
"raytheon",1.72727272727273,1.18181818181818,1.44444444444444,1.66666666666667,0.6
"realogy-holdings-corp",3.09090909090909,2.18181818181818,2.88888888888889,1.66666666666667,1.4
"regions",2.36363636363636,2.81818181818182,3.22222222222222,1.83333333333333,2.2
"reinsurance-group-of-america",0.181818181818182,0.545454545454545,1.44444444444444,0,0
"reliance-steel-aluminum-co",1.45454545454545,1.54545454545455,2.44444444444444,1,1.2
"republic-services",1,2.18181818181818,2.22222222222222,0.833333333333333,1
"reynolds-american",0.545454545454545,0.181818181818182,2,0.166666666666667,2
"rite-aid-corporation",2.72727272727273,1.27272727272727,3.11111111111111,0.666666666666667,1.4
"rockwell-automation",0.818181818181818,1.09090909090909,2.88888888888889,0.666666666666667,2
"ross-dress-for-less",2.09090909090909,2.09090909090909,2,2,1.2
"royal-caribbean-cruises",2.09090909090909,2.45454545454545,2.44444444444444,1.83333333333333,2.6
"rr-donnelley-and-sons-co",1.27272727272727,1.09090909090909,2,1.16666666666667,1.6
"ryder-system",2,1.09090909090909,1,2.33333333333333,1
"sabre",0.181818181818182,0.363636363636364,1.77777777777778,0.166666666666667,0
"safeway",3.45454545454545,2.72727272727273,3.11111111111111,2,1.8
"salesforce",1.36363636363636,2.36363636363636,3.22222222222222,1.33333333333333,0.8
"sams-club",3.18181818181818,2.63636363636364,3.22222222222222,3,2.2
"samsung",1.90909090909091,3.81818181818182,3.44444444444444,2.83333333333333,0.4
"sandisk",0.272727272727273,0.363636363636364,2,0,0
"sanmina-corporation",1.72727272727273,3.54545454545455,3.77777777777778,2.16666666666667,3.2
"santander",0.454545454545455,0.727272727272727,2.44444444444444,0.166666666666667,0.8
"sap",1.81818181818182,2.81818181818182,3.66666666666667,1.5,1.2
"schlumberger",0.0909090909090909,0.545454545454545,1.88888888888889,0.166666666666667,1.6
"seaboard-corporation",2.45454545454545,2.81818181818182,3.77777777777778,2.16666666666667,2
"seagate",0.727272727272727,1.36363636363636,3.55555555555556,0.166666666666667,0
"sealed-air-corporation",2.18181818181818,2.27272727272727,2.22222222222222,2.33333333333333,2
"sears-holdings-corporation",0.909090909090909,0.727272727272727,1.77777777777778,0.166666666666667,0.8
"seiyu",2.45454545454545,2.27272727272727,2.77777777777778,1.83333333333333,0.2
"sempra-energy",0.818181818181818,1.45454545454545,2.11111111111111,0.333333333333333,0.8
"sheraton",2.09090909090909,1.36363636363636,2.11111111111111,0.666666666666667,0
"sherwin-williams",2.09090909090909,0.818181818181818,1.55555555555556,0.5,2.6
"siemens",2,0.727272727272727,2.88888888888889,0,0.2
"simon-property-group",2.72727272727273,1.72727272727273,2.44444444444444,0.833333333333333,1.2
"sirius",2.18181818181818,2.81818181818182,3,2.33333333333333,1
"skechers",1.81818181818182,2.63636363636364,1.44444444444444,2,1.4
"snap-on-inc",1.90909090909091,2.36363636363636,3.44444444444444,1.33333333333333,3.6
"sonic-automotive",2,1.36363636363636,3,1.66666666666667,2.2
"sony",1.81818181818182,2.36363636363636,2.66666666666667,1.83333333333333,2.2
"southern-company",1.63636363636364,1.36363636363636,1.77777777777778,1,1
"southwest",0,0.181818181818182,1.77777777777778,0,0.4
"spartannash-company",1.45454545454545,2.18181818181818,3.55555555555556,0.666666666666667,0.8
"spectra-energy-corp",1,1,1,1,1
"spectrum",1,0.818181818181818,1.88888888888889,0.166666666666667,1
"spirit-aerosystems-holdings",1.63636363636364,1.72727272727273,2.33333333333333,1.33333333333333,2.2
"sprint",2.18181818181818,2.45454545454545,3.55555555555556,1.33333333333333,2.6
"sprite",0.363636363636364,2,1.55555555555556,0.833333333333333,0
"st-jude-medical",2.27272727272727,2.45454545454545,2.66666666666667,0.666666666666667,0.6
"stanley-black--decker",2.09090909090909,1.63636363636364,1.44444444444444,1.83333333333333,1.4
"staples",1.90909090909091,1.54545454545455,2.22222222222222,2,1.6
"starbucks",1.63636363636364,0.909090909090909,1.11111111111111,0.5,0
"starwood-hotels--resorts-worldwide",2.45454545454545,2.63636363636364,3.22222222222222,1.83333333333333,0
"state-farm-insurance-cos",1.27272727272727,0.818181818181818,2.33333333333333,0.833333333333333,0.4
"state-street",2.18181818181818,3.27272727272727,3.55555555555556,1.33333333333333,1.4
"steel-dynamics",3.72727272727273,3.90909090909091,4,3.16666666666667,3.4
"stryker",1.27272727272727,3.63636363636364,3.11111111111111,1.83333333333333,2.4
"subway",2.45454545454545,2.81818181818182,2.22222222222222,2.33333333333333,1.6
"sun-america",0.454545454545455,0,2,0,0.4
"sunoco",2.90909090909091,1.09090909090909,2.44444444444444,1.16666666666667,2.2
"suntrust",1,1.90909090909091,1.88888888888889,2.16666666666667,0.2
"supervalu",3.27272727272727,0.545454545454545,2.11111111111111,0.333333333333333,0.6
"symantec",1.36363636363636,1.27272727272727,2.22222222222222,1.66666666666667,0.6
"synnex-corporation",1.27272727272727,1.54545454545455,3.33333333333333,0.666666666666667,1.2
"sysco",0.636363636363636,1.27272727272727,3.33333333333333,1.16666666666667,1
"taco-bell",0.818181818181818,1,0.777777777777778,0.333333333333333,0.8
"targa-resources-corp",3.27272727272727,4,4,4,3.2
"target",3,3.72727272727273,3.66666666666667,2.83333333333333,1.8
"tata-consultancy-services",1.63636363636364,2.90909090909091,2.66666666666667,1.83333333333333,0.4
"teachers-insurance-and-annuity-association",3.09090909090909,2.54545454545455,3.88888888888889,1.83333333333333,0
"tech-data",0.909090909090909,2.36363636363636,3.77777777777778,1.33333333333333,0.8
"tech-mahindra",0.636363636363636,1.63636363636364,2.77777777777778,1,0.2
"telephone-and-data-systems",3.27272727272727,4,4,3.33333333333333,2.4
"tenet-healthcare-corp",0.363636363636364,0.0909090909090909,1.22222222222222,0,0.2
"tenneco",2.36363636363636,2.90909090909091,3.11111111111111,2.33333333333333,2.6
"teradata",3.45454545454545,3.63636363636364,4,2.66666666666667,3.4
"terex-corporation",1.18181818181818,1.09090909090909,1.88888888888889,0.833333333333333,0.8
"tesla",1.90909090909091,3.09090909090909,3.11111111111111,2.33333333333333,1.4
"tesoro-corporation",0.272727272727273,0.363636363636364,2.11111111111111,0.333333333333333,3.6
"texas-instruments",1,0.727272727272727,2.66666666666667,0,0.2
"textron",1.81818181818182,2.18181818181818,4,0.666666666666667,1.6
"the-bank-of-new-york-mellon",0.454545454545455,1.36363636363636,3.22222222222222,1.33333333333333,0.6
"the-hartford",0,0,0.555555555555556,0,0
"the-home-depot",1.27272727272727,0.818181818181818,2,0,2.8
"the-north-face",2.72727272727273,2.81818181818182,3.22222222222222,2.5,3.2
"thermo-fisher-scientific",2.27272727272727,2.09090909090909,3.33333333333333,1.5,1.6
"thomson-reuters",2.54545454545455,3.54545454545455,3.77777777777778,3.66666666666667,2.8
"thrivent-financial-for-lutherans",2.18181818181818,0.454545454545455,1.44444444444444,0.333333333333333,0
"tiffany-co",0.636363636363636,0.545454545454545,1.55555555555556,2.16666666666667,0.4
"timberland",2.54545454545455,2.36363636363636,2.66666666666667,1.33333333333333,3
"time-inc",1.36363636363636,1.72727272727273,2,1,0.6
"tjx",3.27272727272727,4,2.66666666666667,2.16666666666667,0
"tommy-hilfiger",2.09090909090909,2.09090909090909,2.44444444444444,1.66666666666667,2.2
"toyota",3.63636363636364,3.09090909090909,4,3.5,1.6
"toys-r-us",1.63636363636364,1.27272727272727,1.22222222222222,1.16666666666667,1.2
"tracfone",2.09090909090909,1.45454545454545,3.22222222222222,0.833333333333333,3.2
"tractor-supply",3.72727272727273,2.09090909090909,3.11111111111111,1.16666666666667,4
"travelcenters-of-america-llc",0.909090909090909,0.0909090909090909,2.44444444444444,0.166666666666667,1
"travelers",3.27272727272727,4,4,3.33333333333333,2.4
"treehouse-foods",2.90909090909091,1.09090909090909,3.11111111111111,1.33333333333333,0.8
"trident",2.45454545454545,2.63636363636364,2.11111111111111,2.66666666666667,1.2
"trinity-industries",2.36363636363636,1.90909090909091,2.33333333333333,2.16666666666667,2.4
"tripadvisor",0.909090909090909,0.818181818181818,0.888888888888889,0,0
"tropicana-beverages",2,1.09090909090909,1.88888888888889,1,1
"twitter",1.27272727272727,3.36363636363636,2.88888888888889,2.16666666666667,1.8
"tyson",3.81818181818182,2.09090909090909,3,1.83333333333333,3.6
"uber",2,3.63636363636364,2,1.5,1.2
"ugi-corporation",0.727272727272727,0.181818181818182,1.11111111111111,0,0.4
"ulta-salon-cosmetics",1.81818181818182,2.09090909090909,2.33333333333333,2.83333333333333,1.2
"under-armour",2.27272727272727,3.36363636363636,3.33333333333333,2.16666666666667,2.6
"union-pacific",2.45454545454545,1.27272727272727,3.33333333333333,1.16666666666667,4
"united",0.454545454545455,1,1.55555555555556,0.5,1.4
"united-technologies",1.63636363636364,2.09090909090909,2.66666666666667,1.83333333333333,2.2
"unitedhealth",2.45454545454545,1.36363636363636,3,1.16666666666667,1.4
"univar",2.27272727272727,2.36363636363636,2.44444444444444,2.16666666666667,1.6
"universal-health-services",1.45454545454545,0.363636363636364,1.11111111111111,0.833333333333333,0.6
"universal-music-group",0.909090909090909,1.54545454545455,2.66666666666667,1.66666666666667,0.2
"unum-group",1,1.63636363636364,3.44444444444444,1,0.6
"upc",1.72727272727273,0.272727272727273,1.77777777777778,0.666666666666667,2.4
"ups",2,1.36363636363636,2.44444444444444,0.666666666666667,2.8
"us-bank",0.272727272727273,0.363636363636364,0.444444444444444,0.166666666666667,1.2
"us-foods-holding-corp",2.81818181818182,2.81818181818182,3,3.16666666666667,0.8
"valero",2,2.09090909090909,2.33333333333333,2,1.4
"veritiv-corp",0.636363636363636,1.09090909090909,3,1.16666666666667,0.4
"verizon",1,1.63636363636364,1.77777777777778,1.33333333333333,1.4
"vf-corporation",0.363636363636364,0.909090909090909,0.777777777777778,0.166666666666667,0.6
"victorias-secret",2.81818181818182,3.36363636363636,2.77777777777778,4,0
"visa",0.727272727272727,1.18181818181818,3.33333333333333,1,1.8
"visteon-corporation",2.36363636363636,3.63636363636364,3.66666666666667,2.83333333333333,2.4
"vmware",1.72727272727273,3,3,0.666666666666667,1.2
"volkswagen",0.272727272727273,0.0909090909090909,1,1,1
"voya-financial",3.36363636363636,2.45454545454545,3.11111111111111,1.5,2.8
"walgreens",3.54545454545455,0.818181818181818,2.44444444444444,1.33333333333333,0
"walmart",1.54545454545455,0,1.33333333333333,0,0.6
"warner-bros",2.27272727272727,2.54545454545455,3.11111111111111,2.66666666666667,1.8
"washington-post",1.18181818181818,2,2.88888888888889,1.5,1.4
"waste-management",0.909090909090909,1.27272727272727,3.22222222222222,0,2.6
"wec-energy-group",1.72727272727273,0.0909090909090909,1.33333333333333,0.333333333333333,1.4
"wellcare-health-plans",1.45454545454545,1.54545454545455,2.44444444444444,1.16666666666667,0
"wells-fargo",2,2.36363636363636,3.44444444444444,1.5,1
"welltower-inc",2.54545454545455,1.09090909090909,2.88888888888889,0.666666666666667,1.2
"wesco-international",2.72727272727273,2.18181818181818,2,2.5,2
"western-digital",2.81818181818182,2.09090909090909,2.33333333333333,2.83333333333333,1.8
"western-refining",1.09090909090909,0.454545454545455,2.44444444444444,0,0
"western-union",2.09090909090909,1.81818181818182,3.11111111111111,1.5,2.4
"westin",1,0.545454545454545,1.22222222222222,1.33333333333333,0.4
"westrock-company",0.636363636363636,NA,1.77777777777778,0.166666666666667,0
"weyerhaeuser",1.90909090909091,1.90909090909091,2,1.66666666666667,2.2
"whirlpool",0.909090909090909,2.27272727272727,2.44444444444444,1.83333333333333,1
"whole-foods",3.36363636363636,3.63636363636364,3.33333333333333,3.5,1.8
"williams",0.636363636363636,0.181818181818182,1.77777777777778,0,0.4
"windstream",1.54545454545455,1.54545454545455,2.44444444444444,1.33333333333333,1
"wipro",2.36363636363636,2.18181818181818,3.77777777777778,1,0.4
"workday",3.27272727272727,1.81818181818182,3.33333333333333,1.5,1.4
"world-fuel-services-corporation",0.545454545454545,0.727272727272727,2.11111111111111,0.666666666666667,1.6
"wrigleys",2.45454545454545,1.54545454545455,2.11111111111111,1.33333333333333,2.2
"ww-grainger-inc",1.18181818181818,1.54545454545455,2.33333333333333,0.5,0
"wyndham",2.63636363636364,2,3.44444444444444,0.5,0.6
"wynn-resorts",0.636363636363636,2.54545454545455,2.22222222222222,2.5,1.2
"xbox",1.63636363636364,3.36363636363636,2.11111111111111,1.5,1
"xcel-energy-inc",0.454545454545455,0.545454545454545,1.55555555555556,0.333333333333333,3.2
"xerox",0.0909090909090909,NA,0.777777777777778,0,0
"xfinity",1.81818181818182,1.36363636363636,1.88888888888889,1.16666666666667,0.8
"xpo-logistics",0.0909090909090909,0.545454545454545,1.66666666666667,0,0
"yahoo",2.72727272727273,3,3.33333333333333,2.16666666666667,2
"yoplait",0.363636363636364,0.0909090909090909,0.333333333333333,0.833333333333333,0
"youtube",3.18181818181818,4,3.55555555555556,2,1
"yum-brands",0.909090909090909,1.36363636363636,1.22222222222222,0.666666666666667,0.4
"zara",0,1.90909090909091,1.22222222222222,0.833333333333333,0.4
"zimmer",2.63636363636364,2,2.88888888888889,1.33333333333333,1.4
